OrderID,Date,DueDate,GarmentType,Material,Cost,Status,Chest,Arm Length,Shoulder,Armscye,Neck Size,Back Width,Waist,Front Shoulder to Waist,Hip,Waist to Knee,Crotch Depth,Body Rise,Waist to Floor,Nape to Waist,Bust
1,12-01-2024,07-05-2024,Shirt,Linen,357,Cutting,16,34,22,15,14,,,,,,,,,,
2,18-01-2024,06-05-2024,Shirt,Cotton,221,Measuring,16,26,23,16,23,,,,,,,,,,
3,23-01-2024,24-05-2024,Jacket,Cotton,166,Ready to Ship,23,25,19,18,,40,16,14,,,,,,,
4,14-04-2024,29-04-2024,Trousers,Leather,316,Awaiting Pickup,,,,,,,19,,20,16,19,16,17,,
5,28-02-2024,14-05-2024,Trousers,Wool,199,Cutting,,,,,,,17,,16,24,22,18,21,,
6,26-03-2024,14-05-2024,Suit,Cotton,370,Ready to Ship,24,43,24,23,17,49,21,,17,20,,,,,
7,05-01-2024,15-05-2024,Shirt,Cotton,107,Cutting,23,24,22,19,17,,,,,,,,,,
8,17-02-2024,18-05-2024,Trousers,Wool,477,Cutting,,,,,,,16,,21,21,14,20,15,,
9,24-03-2024,01-05-2024,Jacket,Wool,476,Sewing,14,41,20,20,,35,17,17,,,,,,,
10,14-01-2024,06-05-2024,Dress,Linen,406,Ready to Ship,,,,,,,23,16,23,22,,,15,21,17
11,25-02-2024,06-05-2024,Dress,Wool,453,Measuring,,,,,,,22,15,21,17,,,14,15,16
12,09-03-2024,01-05-2024,Trousers,Linen,371,Ready to Ship,,,,,,,24,,14,16,21,18,18,,
13,04-01-2024,11-05-2024,Suit,Cotton,345,Sewing,16,32,20,17,17,26,23,,14,20,,,,,
14,02-04-2024,14-05-2024,Trousers,Silk,160,Ready to Ship,,,,,,,17,,17,20,18,22,15,,
15,07-02-2024,09-05-2024,Jacket,Wool,474,Ready to Ship,17,49,18,21,,31,16,16,,,,,,,
16,12-01-2024,30-04-2024,Trousers,Leather,175,Awaiting Pickup,,,,,,,14,,19,17,15,19,15,,
17,28-01-2024,28-05-2024,Suit,Cotton,499,Cutting,20,21,22,21,21,36,23,,23,15,,,,,
18,23-03-2024,28-05-2024,Dress,Wool,314,Awaiting Pickup,,,,,,,17,17,21,20,,,22,14,24
19,19-03-2024,24-05-2024,Shirt,Wool,84,Awaiting Pickup,14,21,17,15,24,,,,,,,,,,
20,06-01-2024,08-05-2024,Jacket,Linen,296,Sewing,16,31,24,24,,45,17,22,,,,,,,
21,08-04-2024,02-05-2024,Jacket,Wool,67,Measuring,24,25,19,19,,44,24,21,,,,,,,
22,18-04-2024,21-05-2024,Shirt,Silk,414,Cutting,14,46,15,20,15,,,,,,,,,,
23,13-04-2024,04-05-2024,Shirt,Linen,371,Measuring,24,42,21,19,14,,,,,,,,,,
24,11-03-2024,03-05-2024,Suit,Wool,109,Ready to Ship,21,30,15,16,17,40,18,,23,17,,,,,
25,16-01-2024,10-05-2024,Suit,Silk,428,Measuring,17,27,19,19,22,40,17,,20,24,,,,,
26,22-01-2024,11-05-2024,Jacket,Linen,315,Cutting,14,35,23,15,,28,22,20,,,,,,,
27,23-04-2024,10-05-2024,Trousers,Wool,233,Cutting,,,,,,,14,,15,15,17,24,20,,
28,01-03-2024,20-05-2024,Dress,Wool,163,Ready to Ship,,,,,,,15,21,14,16,,,16,24,20
29,09-01-2024,25-05-2024,Trousers,Silk,123,Cutting,,,,,,,17,,15,24,14,22,14,,
30,22-01-2024,22-05-2024,Dress,Leather,100,Measuring,,,,,,,16,23,24,23,,,14,18,17
31,26-04-2024,21-05-2024,Trousers,Silk,167,Awaiting Pickup,,,,,,,14,,21,19,20,21,23,,
32,28-01-2024,29-04-2024,Suit,Silk,144,Cutting,20,29,17,16,17,20,22,,21,20,,,,,
33,18-02-2024,20-05-2024,Dress,Wool,86,Cutting,,,,,,,17,24,20,23,,,22,14,19
34,21-04-2024,10-05-2024,Shirt,Cotton,445,Measuring,19,43,17,19,14,,,,,,,,,,
35,11-02-2024,25-05-2024,Jacket,Silk,454,Measuring,23,36,15,23,,41,21,24,,,,,,,
36,20-03-2024,10-05-2024,Suit,Silk,255,Measuring,20,26,23,17,21,24,18,,22,24,,,,,
37,26-01-2024,12-05-2024,Suit,Linen,450,Cutting,18,41,14,23,24,34,15,,23,24,,,,,
38,29-03-2024,07-05-2024,Jacket,Cotton,220,Awaiting Pickup,14,22,16,17,,37,19,18,,,,,,,
39,20-03-2024,04-05-2024,Jacket,Linen,205,Cutting,14,50,14,20,,34,19,16,,,,,,,
40,07-02-2024,19-05-2024,Trousers,Silk,349,Awaiting Pickup,,,,,,,22,,18,19,18,17,17,,
41,26-02-2024,09-05-2024,Suit,Cotton,430,Awaiting Pickup,24,31,21,16,24,33,17,,22,17,,,,,
42,08-04-2024,20-05-2024,Trousers,Linen,497,Ready to Ship,,,,,,,23,,16,24,18,18,20,,
43,28-02-2024,25-05-2024,Shirt,Leather,142,Awaiting Pickup,23,40,23,19,19,,,,,,,,,,
44,08-01-2024,13-05-2024,Trousers,Silk,172,Measuring,,,,,,,18,,16,17,20,18,15,,
45,01-04-2024,11-05-2024,Dress,Leather,78,Awaiting Pickup,,,,,,,19,14,17,23,,,17,21,17
46,20-03-2024,10-05-2024,Trousers,Wool,271,Sewing,,,,,,,15,,22,19,19,17,14,,
47,05-03-2024,13-05-2024,Suit,Linen,104,Cutting,15,48,14,14,19,22,14,,14,21,,,,,
48,20-03-2024,27-05-2024,Suit,Cotton,147,Awaiting Pickup,21,47,14,21,23,39,24,,24,21,,,,,
49,28-04-2024,30-04-2024,Suit,Wool,134,Cutting,15,20,19,24,18,45,22,,21,14,,,,,
50,19-04-2024,20-05-2024,Dress,Linen,300,Cutting,,,,,,,20,17,18,16,,,16,14,15
51,21-02-2024,02-05-2024,Trousers,Wool,260,Ready to Ship,,,,,,,15,,15,20,22,24,14,,
52,02-04-2024,28-05-2024,Jacket,Cotton,296,Sewing,23,48,21,17,,23,15,19,,,,,,,
53,23-01-2024,17-05-2024,Jacket,Silk,490,Cutting,21,29,23,22,,49,20,16,,,,,,,
54,28-02-2024,23-05-2024,Jacket,Silk,294,Ready to Ship,14,27,15,20,,47,21,14,,,,,,,
55,02-02-2024,23-05-2024,Shirt,Wool,495,Sewing,24,27,14,15,16,,,,,,,,,,
56,29-03-2024,24-05-2024,Trousers,Leather,462,Measuring,,,,,,,20,,19,20,18,18,15,,
57,12-03-2024,23-05-2024,Trousers,Wool,253,Awaiting Pickup,,,,,,,24,,17,22,16,23,19,,
58,04-03-2024,18-05-2024,Trousers,Cotton,230,Ready to Ship,,,,,,,19,,21,21,15,22,18,,
59,21-01-2024,19-05-2024,Shirt,Linen,294,Ready to Ship,21,24,22,15,23,,,,,,,,,,
60,27-04-2024,25-05-2024,Dress,Cotton,448,Ready to Ship,,,,,,,15,18,15,18,,,22,22,21
61,18-03-2024,13-05-2024,Dress,Wool,224,Measuring,,,,,,,18,16,14,15,,,15,21,23
62,14-04-2024,25-05-2024,Suit,Cotton,309,Cutting,19,39,24,15,17,28,18,,21,16,,,,,
63,11-04-2024,15-05-2024,Trousers,Linen,140,Sewing,,,,,,,15,,19,15,14,18,21,,
64,03-02-2024,04-05-2024,Dress,Leather,100,Sewing,,,,,,,20,20,18,15,,,21,20,14
65,08-01-2024,21-05-2024,Dress,Silk,404,Measuring,,,,,,,21,24,14,20,,,14,19,18
66,11-01-2024,03-05-2024,Trousers,Linen,61,Sewing,,,,,,,18,,18,16,14,18,20,,
67,20-01-2024,11-05-2024,Shirt,Wool,195,Cutting,24,41,20,20,20,,,,,,,,,,
68,22-04-2024,11-05-2024,Suit,Leather,355,Measuring,14,49,15,22,15,46,15,,14,18,,,,,
69,18-04-2024,05-05-2024,Trousers,Wool,434,Ready to Ship,,,,,,,17,,21,23,20,22,22,,
70,12-01-2024,20-05-2024,Suit,Silk,74,Ready to Ship,24,50,17,14,15,41,19,,20,17,,,,,
71,22-01-2024,28-05-2024,Dress,Silk,281,Awaiting Pickup,,,,,,,16,19,20,22,,,15,23,15
72,15-03-2024,21-05-2024,Jacket,Leather,327,Cutting,20,48,18,15,,45,24,17,,,,,,,
73,06-04-2024,08-05-2024,Suit,Cotton,149,Awaiting Pickup,23,47,20,21,23,41,19,,14,21,,,,,
74,11-04-2024,09-05-2024,Dress,Cotton,85,Awaiting Pickup,,,,,,,16,15,21,20,,,17,14,15
75,16-01-2024,16-05-2024,Suit,Silk,134,Sewing,21,23,14,23,19,36,19,,19,19,,,,,
76,03-04-2024,26-05-2024,Shirt,Wool,156,Awaiting Pickup,17,43,21,24,20,,,,,,,,,,
77,03-04-2024,19-05-2024,Shirt,Silk,209,Cutting,22,24,24,23,18,,,,,,,,,,
78,02-03-2024,05-05-2024,Dress,Silk,362,Awaiting Pickup,,,,,,,18,20,14,22,,,24,23,22
79,11-03-2024,13-05-2024,Jacket,Wool,85,Cutting,21,33,15,18,,50,21,18,,,,,,,
80,19-01-2024,30-04-2024,Trousers,Linen,114,Cutting,,,,,,,23,,24,24,23,22,19,,
81,20-04-2024,12-05-2024,Dress,Linen,313,Measuring,,,,,,,21,24,18,14,,,16,14,14
82,19-03-2024,23-05-2024,Shirt,Linen,255,Measuring,16,22,18,18,23,,,,,,,,,,
83,05-04-2024,15-05-2024,Suit,Linen,82,Cutting,14,38,18,18,23,34,22,,17,19,,,,,
84,16-04-2024,02-05-2024,Trousers,Linen,63,Measuring,,,,,,,15,,24,18,21,19,19,,
85,15-02-2024,10-05-2024,Trousers,Leather,458,Measuring,,,,,,,15,,18,17,23,17,15,,
86,26-02-2024,01-05-2024,Jacket,Wool,245,Measuring,18,32,14,22,,28,16,21,,,,,,,
87,26-02-2024,12-05-2024,Dress,Silk,320,Awaiting Pickup,,,,,,,16,16,20,24,,,18,19,24
88,07-04-2024,29-04-2024,Shirt,Silk,148,Measuring,14,31,21,16,15,,,,,,,,,,
89,31-01-2024,20-05-2024,Jacket,Leather,76,Ready to Ship,14,48,21,20,,46,20,15,,,,,,,
90,24-04-2024,28-05-2024,Dress,Cotton,184,Measuring,,,,,,,18,21,23,21,,,22,19,15
91,25-03-2024,23-05-2024,Suit,Wool,336,Awaiting Pickup,16,25,16,23,14,34,16,,20,24,,,,,
92,03-03-2024,01-05-2024,Dress,Leather,368,Measuring,,,,,,,24,24,14,19,,,23,19,23
93,24-04-2024,15-05-2024,Suit,Linen,408,Ready to Ship,14,22,23,21,21,41,19,,20,22,,,,,
94,03-01-2024,19-05-2024,Shirt,Cotton,175,Cutting,16,20,22,24,23,,,,,,,,,,
95,07-04-2024,12-05-2024,Jacket,Leather,189,Sewing,14,49,19,14,,33,23,20,,,,,,,
96,12-01-2024,03-05-2024,Shirt,Silk,380,Measuring,14,26,23,21,15,,,,,,,,,,
97,11-01-2024,20-05-2024,Trousers,Silk,265,Measuring,,,,,,,17,,19,17,20,21,24,,
98,28-01-2024,28-05-2024,Dress,Linen,411,Awaiting Pickup,,,,,,,14,15,18,19,,,15,21,23
99,23-01-2024,24-05-2024,Suit,Leather,430,Ready to Ship,14,39,20,24,15,30,21,,19,23,,,,,
100,27-02-2024,25-05-2024,Suit,Cotton,126,Measuring,17,28,15,23,19,43,17,,16,19,,,,,
101,21-03-2024,30-04-2024,Shirt,Wool,232,Sewing,18,21,21,24,20,,,,,,,,,,
102,19-04-2024,21-05-2024,Suit,Silk,182,Measuring,18,43,17,17,18,46,20,,24,23,,,,,
103,05-02-2024,16-05-2024,Jacket,Leather,442,Cutting,20,34,21,22,,23,22,23,,,,,,,
104,21-04-2024,11-05-2024,Suit,Silk,245,Ready to Ship,18,22,17,14,18,23,15,,19,21,,,,,
105,10-02-2024,26-05-2024,Suit,Silk,425,Ready to Ship,18,32,18,24,21,20,15,,24,20,,,,,
106,29-03-2024,14-05-2024,Dress,Cotton,436,Cutting,,,,,,,17,17,16,14,,,20,17,16
107,29-02-2024,29-04-2024,Shirt,Silk,360,Measuring,14,41,18,15,16,,,,,,,,,,
108,31-01-2024,26-05-2024,Jacket,Silk,452,Measuring,20,21,21,24,,43,16,18,,,,,,,
109,16-04-2024,25-05-2024,Jacket,Linen,288,Awaiting Pickup,19,49,19,14,,23,24,17,,,,,,,
110,07-03-2024,03-05-2024,Trousers,Wool,337,Cutting,,,,,,,24,,24,19,18,24,19,,
111,23-01-2024,14-05-2024,Shirt,Leather,296,Awaiting Pickup,21,20,20,18,14,,,,,,,,,,
112,04-02-2024,16-05-2024,Jacket,Cotton,298,Cutting,15,34,15,15,,48,20,15,,,,,,,
113,23-02-2024,22-05-2024,Jacket,Wool,221,Ready to Ship,19,26,18,21,,32,23,16,,,,,,,
114,18-04-2024,22-05-2024,Jacket,Linen,151,Awaiting Pickup,15,31,18,24,,30,21,22,,,,,,,
115,24-03-2024,28-05-2024,Suit,Cotton,324,Ready to Ship,18,23,21,21,23,46,22,,17,23,,,,,
116,19-03-2024,03-05-2024,Suit,Leather,178,Measuring,14,30,24,17,17,48,21,,18,20,,,,,
117,07-02-2024,28-05-2024,Trousers,Silk,475,Awaiting Pickup,,,,,,,14,,18,16,20,18,22,,
118,24-02-2024,04-05-2024,Shirt,Leather,141,Cutting,15,45,20,21,19,,,,,,,,,,
119,02-02-2024,26-05-2024,Suit,Wool,467,Cutting,21,25,17,18,17,35,14,,15,17,,,,,
120,13-04-2024,16-05-2024,Suit,Cotton,229,Measuring,19,37,24,18,19,23,16,,18,14,,,,,
121,25-01-2024,08-05-2024,Suit,Wool,355,Sewing,19,27,16,18,23,31,21,,24,22,,,,,
122,02-03-2024,05-05-2024,Suit,Cotton,211,Measuring,16,20,14,24,17,28,18,,19,19,,,,,
123,25-04-2024,25-05-2024,Jacket,Wool,65,Cutting,15,48,21,22,,43,22,18,,,,,,,
124,26-02-2024,13-05-2024,Suit,Linen,421,Measuring,20,39,22,24,14,42,14,,22,16,,,,,
125,10-04-2024,10-05-2024,Shirt,Wool,387,Sewing,15,25,21,24,15,,,,,,,,,,
126,18-02-2024,29-04-2024,Dress,Silk,454,Measuring,,,,,,,18,20,18,17,,,14,14,14
127,15-04-2024,05-05-2024,Trousers,Leather,227,Cutting,,,,,,,18,,18,20,20,14,14,,
128,30-03-2024,19-05-2024,Trousers,Leather,254,Measuring,,,,,,,15,,20,17,16,20,24,,
129,28-03-2024,06-05-2024,Trousers,Wool,487,Awaiting Pickup,,,,,,,19,,15,22,21,20,15,,
130,20-04-2024,26-05-2024,Shirt,Leather,57,Sewing,20,31,14,18,17,,,,,,,,,,
131,05-03-2024,20-05-2024,Suit,Silk,252,Awaiting Pickup,18,26,23,16,18,35,16,,19,21,,,,,
132,12-04-2024,07-05-2024,Dress,Silk,166,Awaiting Pickup,,,,,,,15,20,20,23,,,19,15,24
133,09-03-2024,14-05-2024,Jacket,Cotton,320,Measuring,14,33,15,21,,33,23,21,,,,,,,
134,17-03-2024,25-05-2024,Shirt,Cotton,66,Sewing,18,27,22,17,24,,,,,,,,,,
135,17-04-2024,14-05-2024,Suit,Cotton,328,Sewing,24,40,24,18,16,35,18,,16,24,,,,,
136,10-01-2024,12-05-2024,Suit,Cotton,207,Awaiting Pickup,21,22,18,23,24,27,20,,15,22,,,,,
137,07-02-2024,27-05-2024,Trousers,Leather,290,Sewing,,,,,,,16,,14,20,15,18,20,,
138,09-04-2024,19-05-2024,Dress,Silk,408,Cutting,,,,,,,18,21,22,17,,,19,23,19
139,24-01-2024,15-05-2024,Dress,Silk,396,Sewing,,,,,,,15,15,14,15,,,17,22,21
140,30-03-2024,23-05-2024,Trousers,Linen,143,Awaiting Pickup,,,,,,,15,,19,18,24,16,20,,
141,06-03-2024,13-05-2024,Shirt,Linen,330,Awaiting Pickup,20,40,14,24,15,,,,,,,,,,
142,12-02-2024,29-04-2024,Shirt,Wool,444,Sewing,23,31,15,24,24,,,,,,,,,,
143,18-02-2024,15-05-2024,Shirt,Silk,219,Measuring,15,44,20,17,14,,,,,,,,,,
144,18-04-2024,14-05-2024,Trousers,Leather,282,Awaiting Pickup,,,,,,,16,,22,14,14,24,21,,
145,15-04-2024,25-05-2024,Dress,Cotton,87,Sewing,,,,,,,20,16,23,18,,,23,15,18
146,28-04-2024,13-05-2024,Suit,Cotton,339,Sewing,15,32,18,17,14,34,18,,18,20,,,,,
147,16-01-2024,14-05-2024,Jacket,Silk,296,Awaiting Pickup,19,26,24,22,,24,22,16,,,,,,,
148,08-01-2024,15-05-2024,Jacket,Linen,391,Awaiting Pickup,19,38,19,18,,50,16,23,,,,,,,
149,03-03-2024,07-05-2024,Suit,Wool,354,Sewing,18,28,14,15,17,49,23,,21,14,,,,,
150,02-04-2024,02-05-2024,Trousers,Cotton,91,Awaiting Pickup,,,,,,,16,,20,19,18,24,21,,
151,19-02-2024,20-05-2024,Trousers,Cotton,405,Sewing,,,,,,,18,,14,24,21,15,23,,
152,01-02-2024,05-05-2024,Dress,Cotton,306,Measuring,,,,,,,24,16,21,17,,,15,17,22
153,29-02-2024,29-04-2024,Shirt,Cotton,102,Measuring,15,33,15,24,23,,,,,,,,,,
154,13-04-2024,26-05-2024,Dress,Leather,471,Ready to Ship,,,,,,,17,20,15,24,,,18,19,22
155,14-03-2024,29-04-2024,Trousers,Cotton,469,Cutting,,,,,,,18,,17,23,17,23,16,,
156,28-02-2024,24-05-2024,Jacket,Wool,248,Measuring,21,46,15,15,,21,15,21,,,,,,,
157,05-04-2024,10-05-2024,Trousers,Silk,166,Sewing,,,,,,,17,,14,16,19,17,14,,
158,15-02-2024,20-05-2024,Trousers,Cotton,84,Cutting,,,,,,,15,,24,24,24,24,17,,
159,16-03-2024,23-05-2024,Shirt,Leather,123,Ready to Ship,22,43,21,22,23,,,,,,,,,,
160,19-03-2024,30-04-2024,Shirt,Wool,457,Awaiting Pickup,16,46,23,23,19,,,,,,,,,,
161,23-03-2024,29-04-2024,Dress,Leather,385,Ready to Ship,,,,,,,14,16,17,17,,,15,21,16
162,30-03-2024,21-05-2024,Shirt,Leather,254,Ready to Ship,24,48,22,23,24,,,,,,,,,,
163,25-04-2024,25-05-2024,Trousers,Linen,425,Sewing,,,,,,,16,,18,16,21,23,15,,
164,07-04-2024,21-05-2024,Trousers,Silk,331,Measuring,,,,,,,16,,23,14,15,17,19,,
165,15-03-2024,09-05-2024,Jacket,Wool,453,Measuring,19,38,14,17,,49,16,17,,,,,,,
166,15-03-2024,07-05-2024,Shirt,Wool,264,Sewing,17,49,23,22,23,,,,,,,,,,
167,24-02-2024,17-05-2024,Jacket,Silk,137,Measuring,18,26,16,15,,22,15,21,,,,,,,
168,26-03-2024,26-05-2024,Jacket,Cotton,137,Cutting,24,43,15,22,,39,21,15,,,,,,,
169,20-03-2024,16-05-2024,Trousers,Silk,416,Sewing,,,,,,,19,,23,20,22,23,16,,
170,08-04-2024,20-05-2024,Suit,Wool,235,Measuring,18,27,14,16,19,46,20,,20,16,,,,,
171,18-02-2024,06-05-2024,Dress,Wool,251,Awaiting Pickup,,,,,,,22,22,19,23,,,14,17,20
172,27-04-2024,09-05-2024,Dress,Silk,482,Cutting,,,,,,,14,15,24,24,,,17,24,19
173,26-01-2024,12-05-2024,Shirt,Silk,446,Cutting,18,27,24,16,14,,,,,,,,,,
174,18-01-2024,05-05-2024,Dress,Wool,475,Sewing,,,,,,,17,17,19,20,,,23,24,21
175,14-04-2024,13-05-2024,Jacket,Leather,121,Awaiting Pickup,22,26,22,15,,29,24,20,,,,,,,
176,13-02-2024,04-05-2024,Dress,Cotton,239,Measuring,,,,,,,24,20,19,19,,,18,15,19
177,23-01-2024,30-04-2024,Trousers,Wool,183,Ready to Ship,,,,,,,21,,21,22,17,14,15,,
178,10-03-2024,23-05-2024,Shirt,Silk,95,Ready to Ship,19,29,21,21,20,,,,,,,,,,
179,20-03-2024,14-05-2024,Jacket,Leather,418,Sewing,17,27,20,15,,38,18,23,,,,,,,
180,06-03-2024,15-05-2024,Jacket,Linen,394,Measuring,23,24,15,23,,36,14,20,,,,,,,
181,05-01-2024,11-05-2024,Trousers,Cotton,53,Sewing,,,,,,,19,,20,14,23,18,16,,
182,22-01-2024,12-05-2024,Jacket,Leather,259,Sewing,17,48,15,19,,29,24,20,,,,,,,
183,14-04-2024,16-05-2024,Jacket,Leather,434,Awaiting Pickup,14,49,16,17,,31,15,24,,,,,,,
184,21-01-2024,07-05-2024,Dress,Cotton,498,Ready to Ship,,,,,,,17,22,15,15,,,15,19,19
185,06-02-2024,01-05-2024,Trousers,Linen,108,Measuring,,,,,,,23,,23,21,20,16,18,,
186,05-01-2024,20-05-2024,Shirt,Linen,342,Awaiting Pickup,20,35,22,19,17,,,,,,,,,,
187,21-03-2024,29-04-2024,Dress,Linen,127,Cutting,,,,,,,14,23,22,18,,,20,22,20
188,20-02-2024,22-05-2024,Jacket,Linen,423,Ready to Ship,14,37,24,19,,33,19,18,,,,,,,
189,04-03-2024,30-04-2024,Shirt,Wool,265,Ready to Ship,23,44,18,20,21,,,,,,,,,,
190,02-03-2024,05-05-2024,Jacket,Silk,316,Cutting,24,25,18,23,,31,20,22,,,,,,,
191,05-04-2024,28-05-2024,Suit,Silk,171,Ready to Ship,23,35,15,19,19,22,20,,19,21,,,,,
192,15-02-2024,21-05-2024,Dress,Leather,216,Cutting,,,,,,,21,24,21,18,,,22,18,14
193,02-04-2024,17-05-2024,Jacket,Cotton,218,Sewing,16,45,24,21,,35,14,24,,,,,,,
194,01-01-2024,11-05-2024,Suit,Silk,346,Cutting,24,22,19,22,14,42,17,,24,21,,,,,
195,22-01-2024,18-05-2024,Dress,Linen,347,Awaiting Pickup,,,,,,,16,20,16,17,,,17,15,22
196,07-04-2024,29-04-2024,Jacket,Linen,362,Sewing,18,27,17,16,,34,14,22,,,,,,,
197,22-02-2024,12-05-2024,Trousers,Leather,383,Measuring,,,,,,,21,,24,19,19,16,20,,
198,09-04-2024,11-05-2024,Jacket,Leather,421,Cutting,20,42,15,15,,34,22,19,,,,,,,
199,07-04-2024,18-05-2024,Jacket,Silk,205,Cutting,15,41,20,18,,22,17,22,,,,,,,
200,18-01-2024,02-05-2024,Trousers,Wool,238,Awaiting Pickup,,,,,,,19,,22,21,24,18,16,,
201,25-04-2024,22-05-2024,Suit,Cotton,325,Awaiting Pickup,23,22,19,18,16,23,15,,14,16,,,,,
202,06-03-2024,24-05-2024,Dress,Leather,118,Measuring,,,,,,,19,14,20,17,,,23,16,18
203,02-02-2024,06-05-2024,Jacket,Cotton,342,Awaiting Pickup,21,24,16,16,,32,21,24,,,,,,,
204,31-01-2024,13-05-2024,Shirt,Cotton,314,Awaiting Pickup,19,25,14,17,15,,,,,,,,,,
205,01-04-2024,28-05-2024,Trousers,Cotton,266,Cutting,,,,,,,19,,24,16,23,23,18,,
206,16-01-2024,07-05-2024,Shirt,Leather,429,Measuring,23,32,16,18,14,,,,,,,,,,
207,23-04-2024,30-04-2024,Dress,Leather,151,Awaiting Pickup,,,,,,,15,24,23,18,,,19,21,24
208,02-04-2024,03-05-2024,Dress,Leather,439,Cutting,,,,,,,18,14,15,18,,,16,19,24
209,11-01-2024,24-05-2024,Suit,Wool,341,Cutting,16,27,22,15,16,27,21,,23,16,,,,,
210,25-04-2024,30-04-2024,Dress,Cotton,80,Measuring,,,,,,,23,17,21,21,,,19,23,17
211,21-03-2024,05-05-2024,Jacket,Cotton,181,Awaiting Pickup,19,42,16,20,,21,21,23,,,,,,,
212,12-01-2024,08-05-2024,Trousers,Silk,143,Ready to Ship,,,,,,,18,,18,17,15,17,23,,
213,07-03-2024,19-05-2024,Suit,Linen,302,Awaiting Pickup,17,27,16,18,19,43,18,,16,21,,,,,
214,20-02-2024,17-05-2024,Trousers,Silk,84,Awaiting Pickup,,,,,,,18,,22,18,22,22,16,,
215,02-03-2024,01-05-2024,Suit,Wool,383,Sewing,21,28,20,21,22,42,20,,23,24,,,,,
216,26-01-2024,16-05-2024,Jacket,Wool,97,Cutting,17,36,21,14,,48,24,24,,,,,,,
217,21-02-2024,24-05-2024,Shirt,Wool,437,Sewing,22,26,18,20,17,,,,,,,,,,
218,22-02-2024,17-05-2024,Suit,Leather,319,Cutting,17,24,23,20,15,24,16,,24,20,,,,,
219,06-04-2024,22-05-2024,Trousers,Silk,68,Awaiting Pickup,,,,,,,22,,18,22,21,15,15,,
220,23-01-2024,21-05-2024,Trousers,Leather,190,Awaiting Pickup,,,,,,,22,,22,18,22,16,15,,
221,25-04-2024,06-05-2024,Jacket,Linen,282,Awaiting Pickup,20,41,19,19,,35,21,18,,,,,,,
222,11-01-2024,14-05-2024,Dress,Silk,422,Sewing,,,,,,,19,19,23,24,,,24,21,23
223,01-04-2024,30-04-2024,Trousers,Silk,448,Sewing,,,,,,,16,,24,15,17,14,23,,
224,27-01-2024,17-05-2024,Jacket,Linen,454,Cutting,16,34,18,16,,47,17,22,,,,,,,
225,06-04-2024,09-05-2024,Shirt,Linen,344,Measuring,24,47,20,19,14,,,,,,,,,,
226,16-02-2024,26-05-2024,Trousers,Wool,422,Cutting,,,,,,,21,,24,19,16,16,20,,
227,17-02-2024,26-05-2024,Jacket,Silk,228,Sewing,18,42,21,20,,39,16,21,,,,,,,
228,06-03-2024,15-05-2024,Jacket,Wool,151,Measuring,17,42,22,21,,35,17,23,,,,,,,
229,04-03-2024,20-05-2024,Dress,Linen,77,Awaiting Pickup,,,,,,,24,24,17,23,,,24,20,15
230,23-03-2024,07-05-2024,Jacket,Wool,296,Cutting,23,43,16,14,,44,16,22,,,,,,,
231,27-04-2024,21-05-2024,Jacket,Silk,381,Awaiting Pickup,22,46,17,21,,21,20,24,,,,,,,
232,25-01-2024,21-05-2024,Suit,Wool,54,Awaiting Pickup,23,38,18,15,14,41,17,,20,20,,,,,
233,14-02-2024,18-05-2024,Shirt,Silk,115,Ready to Ship,17,48,14,19,24,,,,,,,,,,
234,29-03-2024,23-05-2024,Suit,Wool,415,Sewing,19,35,21,19,17,35,23,,20,21,,,,,
235,18-02-2024,13-05-2024,Jacket,Silk,82,Awaiting Pickup,14,39,17,17,,44,18,21,,,,,,,
236,24-02-2024,21-05-2024,Jacket,Wool,298,Awaiting Pickup,16,33,15,24,,31,22,15,,,,,,,
237,03-04-2024,14-05-2024,Suit,Leather,494,Measuring,18,44,17,16,22,20,16,,22,16,,,,,
238,26-03-2024,20-05-2024,Jacket,Silk,437,Ready to Ship,24,29,16,14,,50,18,17,,,,,,,
239,24-03-2024,10-05-2024,Shirt,Wool,86,Sewing,20,38,24,21,23,,,,,,,,,,
240,31-03-2024,02-05-2024,Trousers,Cotton,217,Sewing,,,,,,,22,,16,19,23,23,23,,
241,07-04-2024,19-05-2024,Jacket,Cotton,450,Cutting,14,32,23,14,,29,21,14,,,,,,,
242,07-04-2024,02-05-2024,Jacket,Wool,125,Awaiting Pickup,20,39,14,23,,40,23,16,,,,,,,
243,02-02-2024,20-05-2024,Suit,Cotton,384,Cutting,17,50,16,19,22,39,21,,14,14,,,,,
244,01-04-2024,26-05-2024,Trousers,Linen,245,Ready to Ship,,,,,,,15,,14,16,24,18,15,,
245,24-04-2024,29-04-2024,Suit,Cotton,264,Sewing,17,48,22,17,14,37,16,,24,22,,,,,
246,04-01-2024,17-05-2024,Shirt,Wool,140,Cutting,19,50,21,17,19,,,,,,,,,,
247,19-04-2024,17-05-2024,Trousers,Leather,448,Sewing,,,,,,,24,,23,23,15,22,21,,
248,13-04-2024,25-05-2024,Shirt,Silk,78,Sewing,15,36,21,22,19,,,,,,,,,,
249,27-04-2024,27-05-2024,Dress,Cotton,352,Ready to Ship,,,,,,,16,17,16,15,,,20,14,23
250,28-04-2024,05-05-2024,Shirt,Cotton,394,Sewing,19,28,24,15,19,,,,,,,,,,
251,01-04-2024,03-05-2024,Dress,Linen,240,Cutting,,,,,,,16,18,18,24,,,24,24,20
252,10-03-2024,07-05-2024,Jacket,Wool,291,Cutting,17,39,23,16,,39,19,23,,,,,,,
253,19-01-2024,05-05-2024,Dress,Leather,259,Ready to Ship,,,,,,,23,14,19,23,,,16,15,18
254,24-03-2024,04-05-2024,Trousers,Cotton,276,Ready to Ship,,,,,,,18,,24,24,17,21,17,,
255,16-03-2024,04-05-2024,Shirt,Leather,236,Sewing,20,40,16,21,17,,,,,,,,,,
256,09-01-2024,23-05-2024,Dress,Leather,126,Ready to Ship,,,,,,,24,18,16,21,,,20,23,21
257,08-03-2024,06-05-2024,Dress,Cotton,471,Awaiting Pickup,,,,,,,19,24,21,18,,,16,18,17
258,01-02-2024,17-05-2024,Shirt,Wool,110,Measuring,15,28,15,20,18,,,,,,,,,,
259,20-04-2024,05-05-2024,Jacket,Linen,289,Ready to Ship,15,41,17,21,,45,18,16,,,,,,,
260,14-02-2024,12-05-2024,Jacket,Silk,168,Awaiting Pickup,20,30,21,19,,36,15,22,,,,,,,
261,22-04-2024,03-05-2024,Suit,Leather,104,Measuring,23,25,23,21,19,30,21,,24,23,,,,,
262,01-03-2024,28-05-2024,Trousers,Leather,279,Sewing,,,,,,,16,,24,14,23,16,22,,
263,24-01-2024,24-05-2024,Dress,Linen,66,Ready to Ship,,,,,,,14,21,17,17,,,22,17,23
264,08-04-2024,06-05-2024,Dress,Silk,196,Measuring,,,,,,,22,24,22,24,,,23,14,18
265,20-02-2024,26-05-2024,Suit,Linen,271,Awaiting Pickup,21,48,17,15,22,47,22,,22,14,,,,,
266,06-04-2024,21-05-2024,Shirt,Silk,483,Sewing,20,41,22,21,23,,,,,,,,,,
267,25-01-2024,06-05-2024,Jacket,Cotton,150,Ready to Ship,14,44,17,14,,24,23,21,,,,,,,
268,21-04-2024,17-05-2024,Shirt,Linen,247,Sewing,24,38,20,16,23,,,,,,,,,,
269,28-03-2024,06-05-2024,Suit,Wool,368,Sewing,19,46,23,17,15,48,14,,18,15,,,,,
270,10-03-2024,15-05-2024,Dress,Silk,335,Sewing,,,,,,,20,18,24,19,,,14,20,21
271,27-03-2024,04-05-2024,Suit,Wool,264,Cutting,14,42,24,16,23,48,15,,16,24,,,,,
272,15-03-2024,28-05-2024,Suit,Cotton,246,Ready to Ship,16,48,17,24,16,35,14,,22,15,,,,,
273,07-04-2024,03-05-2024,Dress,Cotton,437,Measuring,,,,,,,20,23,18,18,,,22,24,15
274,28-01-2024,08-05-2024,Suit,Linen,141,Awaiting Pickup,18,47,24,17,19,50,17,,21,15,,,,,
275,02-01-2024,03-05-2024,Jacket,Wool,185,Measuring,18,27,23,17,,32,23,20,,,,,,,
276,21-01-2024,09-05-2024,Trousers,Wool,237,Awaiting Pickup,,,,,,,22,,21,17,18,14,21,,
277,28-01-2024,25-05-2024,Dress,Linen,358,Awaiting Pickup,,,,,,,23,24,15,18,,,15,15,24
278,11-02-2024,23-05-2024,Jacket,Wool,85,Measuring,14,50,18,19,,30,17,15,,,,,,,
279,08-01-2024,03-05-2024,Suit,Linen,492,Sewing,18,22,18,15,14,32,23,,24,24,,,,,
280,25-01-2024,28-05-2024,Suit,Linen,212,Sewing,20,50,22,22,20,48,18,,17,22,,,,,
281,04-04-2024,02-05-2024,Trousers,Wool,476,Awaiting Pickup,,,,,,,18,,24,17,19,15,24,,
282,19-01-2024,05-05-2024,Jacket,Linen,427,Cutting,20,33,21,22,,20,14,17,,,,,,,
283,18-02-2024,21-05-2024,Suit,Silk,425,Sewing,17,31,22,18,23,43,18,,24,17,,,,,
284,05-03-2024,01-05-2024,Suit,Linen,397,Ready to Ship,20,43,22,16,15,34,18,,21,14,,,,,
285,20-02-2024,12-05-2024,Jacket,Cotton,217,Ready to Ship,21,41,16,16,,37,19,20,,,,,,,
286,15-04-2024,16-05-2024,Jacket,Wool,218,Cutting,20,30,14,23,,25,16,22,,,,,,,
287,23-02-2024,29-04-2024,Shirt,Cotton,288,Measuring,24,50,21,21,18,,,,,,,,,,
288,29-03-2024,08-05-2024,Suit,Cotton,80,Awaiting Pickup,18,20,20,17,24,46,15,,24,19,,,,,
289,30-01-2024,08-05-2024,Jacket,Cotton,347,Cutting,21,50,17,21,,35,21,20,,,,,,,
290,11-02-2024,27-05-2024,Trousers,Cotton,362,Measuring,,,,,,,24,,21,17,15,17,19,,
291,28-04-2024,21-05-2024,Trousers,Wool,177,Sewing,,,,,,,21,,18,21,15,21,18,,
292,28-01-2024,06-05-2024,Trousers,Silk,86,Awaiting Pickup,,,,,,,19,,16,24,20,17,23,,
293,13-01-2024,21-05-2024,Shirt,Leather,316,Cutting,23,29,18,21,16,,,,,,,,,,
294,28-02-2024,30-04-2024,Suit,Cotton,81,Measuring,16,40,24,16,21,45,17,,18,18,,,,,
295,19-03-2024,19-05-2024,Suit,Silk,274,Cutting,17,43,18,18,17,48,14,,20,19,,,,,
296,20-02-2024,27-05-2024,Dress,Cotton,50,Awaiting Pickup,,,,,,,24,24,20,14,,,19,16,15
297,27-02-2024,17-05-2024,Dress,Wool,273,Measuring,,,,,,,18,15,15,19,,,22,18,20
298,27-02-2024,20-05-2024,Jacket,Silk,402,Ready to Ship,16,30,15,19,,39,23,16,,,,,,,
299,13-01-2024,25-05-2024,Jacket,Wool,94,Measuring,14,28,14,18,,23,14,21,,,,,,,
300,21-04-2024,06-05-2024,Dress,Cotton,455,Ready to Ship,,,,,,,15,16,14,24,,,15,18,14
301,06-04-2024,22-05-2024,Suit,Leather,194,Ready to Ship,15,31,22,21,19,24,22,,16,18,,,,,
302,26-04-2024,09-05-2024,Dress,Linen,460,Ready to Ship,,,,,,,18,17,21,24,,,23,16,23
303,10-01-2024,02-05-2024,Shirt,Silk,355,Sewing,20,28,19,22,21,,,,,,,,,,
304,17-02-2024,20-05-2024,Shirt,Linen,242,Measuring,14,21,17,15,18,,,,,,,,,,
305,29-02-2024,24-05-2024,Trousers,Silk,411,Measuring,,,,,,,19,,20,23,16,19,19,,
306,06-04-2024,20-05-2024,Shirt,Wool,292,Ready to Ship,23,24,22,16,20,,,,,,,,,,
307,16-04-2024,14-05-2024,Trousers,Cotton,271,Awaiting Pickup,,,,,,,23,,23,21,16,18,20,,
308,29-03-2024,10-05-2024,Jacket,Leather,384,Ready to Ship,22,21,17,20,,43,21,17,,,,,,,
309,19-03-2024,27-05-2024,Suit,Wool,107,Awaiting Pickup,17,47,17,17,22,32,22,,14,17,,,,,
310,12-01-2024,08-05-2024,Suit,Linen,458,Awaiting Pickup,23,49,15,15,17,41,20,,15,16,,,,,
311,05-02-2024,12-05-2024,Dress,Silk,401,Sewing,,,,,,,22,16,17,24,,,24,18,15
312,25-03-2024,19-05-2024,Suit,Cotton,283,Ready to Ship,17,49,16,16,19,37,20,,22,23,,,,,
313,10-03-2024,29-04-2024,Suit,Linen,174,Sewing,19,21,21,14,21,42,21,,16,22,,,,,
314,09-02-2024,10-05-2024,Dress,Leather,481,Awaiting Pickup,,,,,,,17,14,18,16,,,17,23,15
315,30-01-2024,01-05-2024,Shirt,Silk,339,Awaiting Pickup,14,23,22,20,23,,,,,,,,,,
316,18-02-2024,11-05-2024,Jacket,Leather,221,Ready to Ship,16,30,22,20,,44,23,15,,,,,,,
317,28-03-2024,16-05-2024,Dress,Linen,363,Ready to Ship,,,,,,,14,18,15,19,,,21,15,22
318,02-01-2024,30-04-2024,Suit,Linen,139,Measuring,19,44,19,16,18,22,21,,14,15,,,,,
319,27-01-2024,18-05-2024,Dress,Silk,474,Awaiting Pickup,,,,,,,15,20,15,23,,,22,16,16
320,14-02-2024,13-05-2024,Dress,Wool,220,Awaiting Pickup,,,,,,,21,23,18,18,,,24,19,23
321,18-01-2024,19-05-2024,Trousers,Leather,290,Ready to Ship,,,,,,,20,,21,15,15,21,16,,
322,18-02-2024,06-05-2024,Jacket,Silk,219,Sewing,15,48,19,20,,28,24,18,,,,,,,
323,21-02-2024,19-05-2024,Jacket,Linen,107,Sewing,16,23,19,24,,36,22,17,,,,,,,
324,21-02-2024,18-05-2024,Trousers,Silk,217,Awaiting Pickup,,,,,,,15,,21,18,18,19,19,,
325,29-01-2024,18-05-2024,Jacket,Linen,164,Ready to Ship,19,41,14,15,,31,19,20,,,,,,,
326,20-02-2024,22-05-2024,Shirt,Cotton,340,Awaiting Pickup,18,49,17,23,21,,,,,,,,,,
327,23-03-2024,14-05-2024,Suit,Silk,314,Sewing,17,33,24,18,16,37,23,,23,17,,,,,
328,09-02-2024,12-05-2024,Suit,Silk,126,Measuring,14,43,17,15,23,38,14,,19,15,,,,,
329,01-02-2024,11-05-2024,Dress,Linen,257,Cutting,,,,,,,14,23,19,14,,,16,18,14
330,25-03-2024,19-05-2024,Trousers,Wool,347,Awaiting Pickup,,,,,,,24,,18,20,17,21,15,,
331,31-01-2024,03-05-2024,Dress,Silk,184,Sewing,,,,,,,18,17,23,23,,,22,19,18
332,06-01-2024,23-05-2024,Dress,Silk,262,Awaiting Pickup,,,,,,,19,24,22,16,,,21,19,19
333,10-01-2024,26-05-2024,Jacket,Silk,251,Awaiting Pickup,22,20,18,23,,34,16,14,,,,,,,
334,27-02-2024,29-04-2024,Jacket,Silk,176,Sewing,18,28,20,19,,25,16,16,,,,,,,
335,19-01-2024,27-05-2024,Suit,Cotton,202,Awaiting Pickup,17,36,17,22,17,42,19,,14,14,,,,,
336,21-01-2024,10-05-2024,Shirt,Linen,234,Sewing,16,25,23,14,19,,,,,,,,,,
337,25-02-2024,15-05-2024,Trousers,Wool,89,Sewing,,,,,,,22,,22,21,19,23,16,,
338,04-01-2024,25-05-2024,Suit,Leather,152,Ready to Ship,18,30,21,17,18,46,17,,21,15,,,,,
339,15-03-2024,26-05-2024,Dress,Wool,284,Sewing,,,,,,,19,21,24,17,,,16,19,21
340,29-02-2024,27-05-2024,Dress,Linen,326,Awaiting Pickup,,,,,,,21,24,20,17,,,21,15,15
341,29-01-2024,08-05-2024,Trousers,Wool,465,Awaiting Pickup,,,,,,,18,,15,21,15,21,23,,
342,06-02-2024,16-05-2024,Jacket,Linen,381,Awaiting Pickup,18,28,20,14,,34,21,20,,,,,,,
343,15-04-2024,23-05-2024,Jacket,Cotton,111,Sewing,15,26,21,17,,44,24,21,,,,,,,
344,10-01-2024,25-05-2024,Trousers,Cotton,417,Awaiting Pickup,,,,,,,15,,15,23,19,16,22,,
345,21-02-2024,06-05-2024,Jacket,Wool,70,Ready to Ship,22,28,24,22,,41,16,17,,,,,,,
346,12-01-2024,14-05-2024,Trousers,Cotton,175,Sewing,,,,,,,15,,15,15,24,23,15,,
347,18-04-2024,21-05-2024,Dress,Wool,133,Sewing,,,,,,,17,22,22,23,,,21,18,17
348,23-04-2024,06-05-2024,Jacket,Leather,430,Sewing,18,29,18,14,,47,14,15,,,,,,,
349,06-03-2024,27-05-2024,Jacket,Wool,145,Ready to Ship,24,31,21,19,,20,20,14,,,,,,,
350,26-02-2024,09-05-2024,Shirt,Cotton,240,Sewing,17,25,21,18,17,,,,,,,,,,
351,08-03-2024,21-05-2024,Jacket,Cotton,164,Cutting,21,22,21,21,,21,21,22,,,,,,,
352,17-01-2024,09-05-2024,Dress,Wool,73,Sewing,,,,,,,19,23,18,14,,,14,22,24
353,27-02-2024,26-05-2024,Jacket,Leather,395,Measuring,20,38,15,18,,46,18,16,,,,,,,
354,09-01-2024,27-05-2024,Jacket,Silk,145,Awaiting Pickup,21,27,20,15,,33,23,23,,,,,,,
355,13-03-2024,16-05-2024,Jacket,Linen,480,Cutting,14,50,18,16,,24,23,23,,,,,,,
356,10-03-2024,19-05-2024,Dress,Linen,181,Cutting,,,,,,,17,19,18,14,,,19,22,15
357,21-02-2024,07-05-2024,Shirt,Cotton,377,Sewing,16,27,15,17,15,,,,,,,,,,
358,29-03-2024,29-04-2024,Trousers,Linen,74,Cutting,,,,,,,23,,23,15,19,15,22,,
359,01-04-2024,20-05-2024,Dress,Leather,129,Sewing,,,,,,,17,15,16,16,,,15,17,22
360,01-01-2024,22-05-2024,Suit,Leather,265,Measuring,21,27,18,19,16,27,15,,23,14,,,,,
361,22-03-2024,04-05-2024,Dress,Linen,388,Ready to Ship,,,,,,,21,22,21,16,,,19,15,18
362,19-01-2024,04-05-2024,Dress,Leather,204,Ready to Ship,,,,,,,24,20,24,16,,,16,16,22
363,18-03-2024,18-05-2024,Trousers,Linen,465,Cutting,,,,,,,20,,22,14,20,23,24,,
364,22-01-2024,05-05-2024,Dress,Silk,364,Awaiting Pickup,,,,,,,17,15,17,14,,,22,20,15
365,19-02-2024,28-05-2024,Trousers,Linen,250,Cutting,,,,,,,23,,17,20,19,16,23,,
366,07-02-2024,17-05-2024,Dress,Silk,498,Measuring,,,,,,,23,18,22,16,,,17,18,19
367,20-03-2024,03-05-2024,Jacket,Cotton,161,Measuring,23,43,21,20,,29,15,16,,,,,,,
368,12-04-2024,07-05-2024,Shirt,Cotton,179,Measuring,17,48,19,20,16,,,,,,,,,,
369,26-03-2024,30-04-2024,Shirt,Silk,275,Cutting,23,47,21,22,24,,,,,,,,,,
370,08-01-2024,13-05-2024,Suit,Silk,172,Sewing,23,49,22,14,19,41,14,,18,15,,,,,
371,26-03-2024,05-05-2024,Dress,Leather,193,Measuring,,,,,,,15,18,23,20,,,22,24,14
372,10-03-2024,05-05-2024,Shirt,Cotton,96,Cutting,24,49,17,23,18,,,,,,,,,,
373,05-01-2024,28-05-2024,Trousers,Linen,385,Ready to Ship,,,,,,,21,,15,15,20,16,21,,
374,15-03-2024,10-05-2024,Shirt,Cotton,269,Awaiting Pickup,22,28,21,22,24,,,,,,,,,,
375,05-02-2024,30-04-2024,Jacket,Cotton,287,Cutting,19,41,24,15,,29,21,15,,,,,,,
376,02-03-2024,02-05-2024,Trousers,Wool,443,Sewing,,,,,,,17,,21,22,24,20,16,,
377,23-01-2024,15-05-2024,Jacket,Wool,78,Measuring,22,41,23,16,,45,22,24,,,,,,,
378,03-04-2024,01-05-2024,Suit,Wool,90,Sewing,22,25,17,24,17,37,23,,18,15,,,,,
379,07-01-2024,02-05-2024,Suit,Wool,469,Measuring,23,43,14,21,16,42,23,,18,23,,,,,
380,02-01-2024,01-05-2024,Trousers,Silk,273,Ready to Ship,,,,,,,15,,18,16,21,19,14,,
381,15-02-2024,29-04-2024,Shirt,Silk,283,Awaiting Pickup,18,44,24,24,22,,,,,,,,,,
382,26-03-2024,08-05-2024,Shirt,Wool,56,Sewing,24,49,16,19,23,,,,,,,,,,
383,03-02-2024,17-05-2024,Jacket,Wool,259,Sewing,22,25,14,17,,37,17,23,,,,,,,
384,06-02-2024,25-05-2024,Shirt,Silk,369,Sewing,20,39,18,17,20,,,,,,,,,,
385,22-01-2024,25-05-2024,Dress,Wool,63,Awaiting Pickup,,,,,,,24,22,18,17,,,22,14,17
386,21-01-2024,13-05-2024,Shirt,Wool,398,Cutting,21,48,20,14,22,,,,,,,,,,
387,18-04-2024,19-05-2024,Trousers,Cotton,88,Sewing,,,,,,,22,,21,20,15,14,22,,
388,17-01-2024,06-05-2024,Shirt,Leather,500,Cutting,14,23,23,17,19,,,,,,,,,,
389,09-03-2024,15-05-2024,Jacket,Cotton,240,Sewing,24,20,22,21,,47,22,16,,,,,,,
390,09-01-2024,15-05-2024,Jacket,Linen,185,Sewing,24,20,18,19,,22,20,20,,,,,,,
391,18-02-2024,02-05-2024,Suit,Wool,288,Sewing,18,33,15,20,18,47,21,,18,17,,,,,
392,15-03-2024,29-04-2024,Trousers,Cotton,98,Awaiting Pickup,,,,,,,14,,19,22,24,24,21,,
393,15-02-2024,25-05-2024,Suit,Cotton,429,Awaiting Pickup,22,30,19,16,16,26,18,,18,16,,,,,
394,08-02-2024,03-05-2024,Jacket,Linen,315,Sewing,18,30,23,15,,20,21,17,,,,,,,
395,28-04-2024,18-05-2024,Dress,Silk,496,Measuring,,,,,,,15,17,14,15,,,20,24,18
396,03-01-2024,13-05-2024,Dress,Silk,64,Sewing,,,,,,,17,17,20,20,,,16,18,23
397,08-03-2024,07-05-2024,Shirt,Cotton,261,Awaiting Pickup,21,41,21,14,23,,,,,,,,,,
398,24-04-2024,06-05-2024,Jacket,Wool,287,Ready to Ship,18,27,23,20,,26,14,22,,,,,,,
399,05-04-2024,24-05-2024,Trousers,Wool,310,Ready to Ship,,,,,,,22,,19,15,24,14,23,,
400,09-01-2024,07-05-2024,Shirt,Wool,168,Cutting,21,46,15,24,18,,,,,,,,,,
401,10-02-2024,04-05-2024,Jacket,Wool,81,Measuring,14,43,21,16,,39,16,20,,,,,,,
402,02-01-2024,07-05-2024,Jacket,Wool,87,Cutting,16,38,23,17,,28,20,23,,,,,,,
403,13-01-2024,29-04-2024,Shirt,Wool,394,Ready to Ship,16,42,15,18,20,,,,,,,,,,
404,29-01-2024,18-05-2024,Jacket,Silk,331,Awaiting Pickup,17,38,23,19,,33,14,22,,,,,,,
405,21-02-2024,15-05-2024,Suit,Cotton,84,Measuring,20,39,17,16,19,45,16,,20,16,,,,,
406,26-02-2024,27-05-2024,Shirt,Cotton,433,Awaiting Pickup,19,35,14,22,24,,,,,,,,,,
407,12-02-2024,13-05-2024,Trousers,Cotton,369,Cutting,,,,,,,20,,16,18,22,15,20,,
408,26-04-2024,19-05-2024,Suit,Silk,197,Ready to Ship,18,47,15,15,22,28,17,,17,20,,,,,
409,24-04-2024,11-05-2024,Shirt,Cotton,53,Cutting,22,35,14,19,16,,,,,,,,,,
410,05-04-2024,01-05-2024,Trousers,Cotton,296,Awaiting Pickup,,,,,,,20,,20,14,22,16,17,,
411,16-02-2024,30-04-2024,Shirt,Silk,486,Ready to Ship,15,25,16,18,15,,,,,,,,,,
412,02-03-2024,22-05-2024,Jacket,Wool,291,Cutting,17,23,17,17,,40,14,17,,,,,,,
413,17-02-2024,05-05-2024,Shirt,Leather,263,Measuring,22,32,20,15,19,,,,,,,,,,
414,21-03-2024,11-05-2024,Trousers,Cotton,145,Cutting,,,,,,,14,,23,24,21,16,17,,
415,05-04-2024,02-05-2024,Dress,Cotton,233,Ready to Ship,,,,,,,14,20,21,20,,,21,20,24
416,22-01-2024,11-05-2024,Suit,Leather,453,Cutting,15,34,20,15,15,47,15,,18,23,,,,,
417,23-01-2024,04-05-2024,Shirt,Cotton,375,Measuring,24,23,22,19,22,,,,,,,,,,
418,10-02-2024,04-05-2024,Suit,Linen,404,Cutting,22,50,23,16,15,26,16,,14,14,,,,,
419,14-01-2024,26-05-2024,Jacket,Silk,374,Ready to Ship,19,26,19,15,,36,14,20,,,,,,,
420,27-02-2024,28-05-2024,Jacket,Linen,421,Sewing,20,29,19,20,,34,16,19,,,,,,,
421,21-01-2024,10-05-2024,Suit,Leather,338,Measuring,18,41,16,18,18,21,23,,17,15,,,,,
422,26-04-2024,06-05-2024,Jacket,Silk,238,Measuring,19,38,22,18,,23,22,14,,,,,,,
423,25-02-2024,28-05-2024,Jacket,Linen,263,Cutting,17,42,20,20,,41,17,20,,,,,,,
424,13-04-2024,13-05-2024,Shirt,Silk,202,Awaiting Pickup,14,30,16,14,19,,,,,,,,,,
425,15-02-2024,22-05-2024,Shirt,Linen,384,Ready to Ship,17,30,21,18,16,,,,,,,,,,
426,13-04-2024,05-05-2024,Suit,Leather,243,Awaiting Pickup,15,41,19,20,19,28,23,,14,19,,,,,
427,27-03-2024,08-05-2024,Jacket,Cotton,155,Sewing,19,38,22,17,,35,20,15,,,,,,,
428,18-01-2024,24-05-2024,Suit,Leather,245,Sewing,22,34,14,18,18,23,24,,23,24,,,,,
429,19-03-2024,03-05-2024,Trousers,Linen,144,Ready to Ship,,,,,,,24,,14,15,19,20,19,,
430,23-01-2024,17-05-2024,Shirt,Linen,484,Cutting,20,32,23,22,17,,,,,,,,,,
431,17-01-2024,21-05-2024,Dress,Leather,137,Cutting,,,,,,,23,18,20,16,,,16,20,15
432,15-02-2024,24-05-2024,Jacket,Linen,206,Ready to Ship,17,41,21,19,,30,22,15,,,,,,,
433,01-02-2024,07-05-2024,Suit,Silk,403,Cutting,22,26,15,19,20,20,23,,18,16,,,,,
434,21-03-2024,19-05-2024,Shirt,Linen,168,Ready to Ship,17,26,20,16,20,,,,,,,,,,
435,09-02-2024,07-05-2024,Shirt,Linen,57,Measuring,19,31,15,16,20,,,,,,,,,,
436,13-04-2024,14-05-2024,Shirt,Cotton,107,Cutting,21,33,23,15,18,,,,,,,,,,
437,18-03-2024,19-05-2024,Trousers,Linen,54,Sewing,,,,,,,22,,23,14,22,19,22,,
438,13-02-2024,17-05-2024,Jacket,Wool,121,Sewing,16,33,18,17,,23,24,15,,,,,,,
439,12-03-2024,29-04-2024,Trousers,Silk,195,Cutting,,,,,,,19,,24,24,16,14,18,,
440,16-01-2024,18-05-2024,Dress,Linen,114,Cutting,,,,,,,17,15,15,14,,,23,14,17
441,26-03-2024,08-05-2024,Shirt,Wool,209,Awaiting Pickup,24,42,17,19,22,,,,,,,,,,
442,01-03-2024,06-05-2024,Shirt,Wool,404,Sewing,16,41,14,22,22,,,,,,,,,,
443,25-02-2024,11-05-2024,Shirt,Linen,246,Awaiting Pickup,18,28,18,14,18,,,,,,,,,,
444,01-03-2024,25-05-2024,Jacket,Cotton,419,Ready to Ship,16,30,15,15,,22,20,24,,,,,,,
445,22-01-2024,18-05-2024,Trousers,Linen,258,Awaiting Pickup,,,,,,,21,,22,19,18,23,14,,
446,16-01-2024,24-05-2024,Jacket,Silk,490,Measuring,20,31,17,22,,43,24,16,,,,,,,
447,30-03-2024,05-05-2024,Suit,Silk,353,Ready to Ship,14,38,14,18,24,40,22,,22,22,,,,,
448,31-03-2024,16-05-2024,Shirt,Cotton,106,Sewing,16,28,14,23,20,,,,,,,,,,
449,09-02-2024,21-05-2024,Dress,Linen,363,Measuring,,,,,,,16,14,20,23,,,23,19,22
450,06-04-2024,17-05-2024,Jacket,Wool,289,Measuring,15,46,17,21,,35,15,21,,,,,,,
451,29-03-2024,27-05-2024,Jacket,Cotton,329,Ready to Ship,19,20,22,24,,38,21,21,,,,,,,
452,08-01-2024,18-05-2024,Shirt,Silk,458,Sewing,21,41,24,15,16,,,,,,,,,,
453,27-02-2024,04-05-2024,Trousers,Linen,458,Sewing,,,,,,,24,,20,22,21,20,14,,
454,14-03-2024,08-05-2024,Jacket,Wool,50,Cutting,20,23,22,17,,42,20,20,,,,,,,
455,14-02-2024,02-05-2024,Dress,Wool,487,Awaiting Pickup,,,,,,,16,16,21,15,,,14,23,17
456,03-02-2024,16-05-2024,Suit,Linen,130,Sewing,14,42,21,23,16,29,19,,23,16,,,,,
457,26-04-2024,04-05-2024,Jacket,Leather,344,Awaiting Pickup,19,40,17,22,,25,15,24,,,,,,,
458,23-01-2024,12-05-2024,Trousers,Linen,366,Measuring,,,,,,,17,,24,21,15,15,15,,
459,06-02-2024,13-05-2024,Suit,Leather,210,Awaiting Pickup,22,44,24,23,18,41,17,,15,15,,,,,
460,08-04-2024,12-05-2024,Trousers,Wool,331,Cutting,,,,,,,20,,14,18,20,21,21,,
461,26-03-2024,27-05-2024,Jacket,Linen,109,Ready to Ship,17,20,16,23,,34,14,18,,,,,,,
462,17-02-2024,18-05-2024,Shirt,Wool,295,Awaiting Pickup,15,47,15,19,16,,,,,,,,,,
463,01-03-2024,10-05-2024,Suit,Wool,345,Cutting,14,46,21,24,18,28,21,,22,22,,,,,
464,14-01-2024,20-05-2024,Jacket,Silk,232,Measuring,19,20,24,18,,25,18,15,,,,,,,
465,10-01-2024,07-05-2024,Trousers,Leather,129,Awaiting Pickup,,,,,,,14,,21,16,23,24,15,,
466,06-01-2024,03-05-2024,Trousers,Leather,240,Cutting,,,,,,,20,,14,15,22,24,21,,
467,14-03-2024,16-05-2024,Jacket,Silk,331,Sewing,16,36,15,17,,47,20,20,,,,,,,
468,12-03-2024,15-05-2024,Trousers,Linen,490,Ready to Ship,,,,,,,22,,20,15,17,22,23,,
469,18-01-2024,06-05-2024,Suit,Wool,402,Awaiting Pickup,24,41,18,22,22,26,15,,15,20,,,,,
470,22-03-2024,15-05-2024,Suit,Silk,135,Sewing,22,32,14,23,20,32,14,,15,15,,,,,
471,06-02-2024,23-05-2024,Trousers,Silk,433,Cutting,,,,,,,14,,20,19,24,21,20,,
472,27-02-2024,07-05-2024,Shirt,Linen,307,Awaiting Pickup,18,48,21,24,21,,,,,,,,,,
473,18-03-2024,22-05-2024,Suit,Cotton,483,Cutting,21,33,16,14,20,29,17,,24,23,,,,,
474,23-03-2024,21-05-2024,Trousers,Silk,316,Cutting,,,,,,,22,,14,14,18,16,23,,
475,01-02-2024,28-05-2024,Suit,Leather,425,Ready to Ship,14,23,17,14,17,31,18,,17,18,,,,,
476,27-02-2024,14-05-2024,Jacket,Leather,190,Awaiting Pickup,22,48,21,16,,41,15,17,,,,,,,
477,02-02-2024,04-05-2024,Trousers,Silk,366,Ready to Ship,,,,,,,23,,15,19,24,18,19,,
478,03-03-2024,09-05-2024,Trousers,Silk,92,Awaiting Pickup,,,,,,,22,,17,23,20,16,19,,
479,04-01-2024,04-05-2024,Jacket,Leather,229,Awaiting Pickup,14,41,18,16,,21,17,15,,,,,,,
480,15-01-2024,06-05-2024,Suit,Cotton,388,Ready to Ship,19,46,23,15,16,43,24,,24,24,,,,,
481,02-02-2024,08-05-2024,Shirt,Wool,340,Cutting,21,44,24,18,17,,,,,,,,,,
482,04-02-2024,17-05-2024,Suit,Wool,237,Ready to Ship,14,31,22,23,19,43,21,,18,21,,,,,
483,23-01-2024,11-05-2024,Shirt,Cotton,421,Cutting,14,39,24,16,23,,,,,,,,,,
484,09-04-2024,15-05-2024,Dress,Wool,130,Measuring,,,,,,,18,19,14,15,,,19,24,15
485,11-04-2024,28-05-2024,Dress,Silk,172,Ready to Ship,,,,,,,17,18,18,24,,,16,21,16
486,13-01-2024,20-05-2024,Dress,Silk,230,Sewing,,,,,,,16,24,17,24,,,19,21,24
487,14-04-2024,18-05-2024,Shirt,Silk,165,Cutting,15,38,19,14,24,,,,,,,,,,
488,18-02-2024,30-04-2024,Suit,Leather,159,Sewing,16,47,23,19,23,24,22,,19,20,,,,,
489,01-04-2024,14-05-2024,Suit,Leather,274,Measuring,23,42,24,17,18,25,22,,21,17,,,,,
490,15-01-2024,07-05-2024,Trousers,Silk,412,Cutting,,,,,,,22,,24,14,21,22,21,,
491,21-01-2024,27-05-2024,Trousers,Linen,310,Awaiting Pickup,,,,,,,18,,24,14,22,17,19,,
492,26-02-2024,19-05-2024,Shirt,Leather,192,Cutting,23,43,23,23,19,,,,,,,,,,
493,03-03-2024,28-05-2024,Shirt,Cotton,64,Cutting,16,30,18,20,22,,,,,,,,,,
494,01-03-2024,19-05-2024,Dress,Silk,424,Awaiting Pickup,,,,,,,20,16,19,22,,,16,14,19
495,10-04-2024,20-05-2024,Trousers,Cotton,73,Measuring,,,,,,,14,,15,18,15,14,21,,
496,13-01-2024,29-04-2024,Shirt,Leather,315,Measuring,16,29,19,18,15,,,,,,,,,,
497,17-02-2024,16-05-2024,Trousers,Wool,381,Sewing,,,,,,,20,,16,17,15,23,22,,
498,24-01-2024,14-05-2024,Trousers,Leather,332,Ready to Ship,,,,,,,23,,15,24,14,18,20,,
499,17-04-2024,01-05-2024,Trousers,Silk,74,Measuring,,,,,,,23,,15,19,22,15,24,,
500,18-01-2024,23-05-2024,Suit,Linen,203,Cutting,20,27,15,19,15,28,15,,23,18,,,,,
501,05-02-2024,06-05-2024,Jacket,Wool,126,Measuring,18,49,17,20,,34,16,14,,,,,,,
502,07-03-2024,16-05-2024,Dress,Linen,198,Awaiting Pickup,,,,,,,20,21,24,17,,,15,22,18
503,06-04-2024,16-05-2024,Dress,Linen,223,Cutting,,,,,,,20,17,23,20,,,23,23,19
504,15-03-2024,22-05-2024,Suit,Silk,399,Awaiting Pickup,23,27,16,21,20,47,20,,15,16,,,,,
505,11-01-2024,24-05-2024,Jacket,Cotton,226,Ready to Ship,18,44,21,17,,34,16,17,,,,,,,
506,08-03-2024,21-05-2024,Trousers,Linen,462,Sewing,,,,,,,21,,23,20,17,19,15,,
507,17-04-2024,12-05-2024,Dress,Wool,169,Cutting,,,,,,,23,18,18,19,,,24,18,16
508,18-01-2024,17-05-2024,Dress,Linen,333,Measuring,,,,,,,20,16,23,15,,,23,21,23
509,20-04-2024,09-05-2024,Jacket,Silk,401,Cutting,14,36,24,16,,29,19,19,,,,,,,
510,20-01-2024,09-05-2024,Dress,Cotton,278,Sewing,,,,,,,19,18,15,20,,,19,19,24
511,22-03-2024,03-05-2024,Trousers,Wool,221,Awaiting Pickup,,,,,,,15,,18,15,20,19,17,,
512,16-03-2024,03-05-2024,Jacket,Linen,355,Sewing,23,48,18,22,,28,15,17,,,,,,,
513,29-02-2024,15-05-2024,Shirt,Silk,104,Measuring,16,48,17,22,18,,,,,,,,,,
514,06-04-2024,25-05-2024,Trousers,Silk,436,Sewing,,,,,,,24,,15,24,17,19,24,,
515,18-01-2024,27-05-2024,Shirt,Silk,426,Measuring,19,42,16,22,19,,,,,,,,,,
516,02-02-2024,21-05-2024,Suit,Silk,144,Ready to Ship,20,33,24,23,21,46,18,,20,20,,,,,
517,01-02-2024,17-05-2024,Trousers,Leather,129,Awaiting Pickup,,,,,,,15,,15,23,14,20,19,,
518,29-01-2024,20-05-2024,Dress,Linen,248,Awaiting Pickup,,,,,,,20,22,15,22,,,14,15,19
519,17-04-2024,27-05-2024,Shirt,Leather,409,Cutting,20,25,20,14,23,,,,,,,,,,
520,21-01-2024,01-05-2024,Jacket,Linen,477,Sewing,19,35,14,21,,34,19,22,,,,,,,
521,28-03-2024,22-05-2024,Dress,Wool,439,Measuring,,,,,,,14,16,15,19,,,16,18,17
522,27-03-2024,03-05-2024,Suit,Cotton,209,Sewing,17,27,15,22,22,42,19,,19,19,,,,,
523,22-02-2024,13-05-2024,Trousers,Cotton,304,Ready to Ship,,,,,,,17,,15,15,16,14,18,,
524,15-02-2024,30-04-2024,Shirt,Wool,207,Cutting,21,40,18,20,22,,,,,,,,,,
525,21-04-2024,11-05-2024,Trousers,Cotton,421,Measuring,,,,,,,23,,24,21,19,19,16,,
526,06-04-2024,26-05-2024,Jacket,Silk,391,Awaiting Pickup,19,45,17,24,,24,23,14,,,,,,,
527,18-04-2024,21-05-2024,Dress,Wool,323,Sewing,,,,,,,18,24,24,22,,,22,15,19
528,26-02-2024,24-05-2024,Jacket,Cotton,63,Cutting,18,36,20,21,,26,24,18,,,,,,,
529,15-02-2024,07-05-2024,Dress,Cotton,173,Awaiting Pickup,,,,,,,18,22,20,19,,,23,21,20
530,18-04-2024,26-05-2024,Jacket,Linen,148,Ready to Ship,24,34,24,22,,40,14,20,,,,,,,
531,01-03-2024,07-05-2024,Dress,Wool,121,Measuring,,,,,,,23,23,19,17,,,24,19,17
532,30-03-2024,15-05-2024,Jacket,Leather,165,Ready to Ship,19,36,14,20,,39,14,16,,,,,,,
533,25-02-2024,30-04-2024,Suit,Cotton,499,Ready to Ship,16,37,16,19,18,50,16,,22,23,,,,,
534,16-03-2024,14-05-2024,Trousers,Leather,440,Measuring,,,,,,,19,,16,16,16,18,20,,
535,29-01-2024,10-05-2024,Dress,Silk,360,Measuring,,,,,,,18,18,19,20,,,16,17,15
536,04-02-2024,10-05-2024,Shirt,Linen,68,Measuring,23,47,22,16,23,,,,,,,,,,
537,15-01-2024,29-04-2024,Trousers,Silk,216,Ready to Ship,,,,,,,14,,18,23,16,16,15,,
538,03-02-2024,11-05-2024,Jacket,Leather,119,Measuring,14,30,21,16,,35,20,17,,,,,,,
539,26-01-2024,12-05-2024,Jacket,Linen,178,Sewing,24,37,15,18,,24,15,17,,,,,,,
540,26-03-2024,12-05-2024,Jacket,Silk,406,Ready to Ship,23,34,17,24,,25,22,21,,,,,,,
541,22-01-2024,09-05-2024,Suit,Linen,114,Measuring,23,25,22,19,23,31,19,,19,19,,,,,
542,25-01-2024,14-05-2024,Suit,Wool,190,Measuring,21,27,16,15,22,21,16,,24,18,,,,,
543,19-02-2024,19-05-2024,Jacket,Wool,81,Awaiting Pickup,18,36,17,19,,33,17,15,,,,,,,
544,24-01-2024,06-05-2024,Jacket,Linen,173,Cutting,20,27,23,17,,33,20,22,,,,,,,
545,27-02-2024,04-05-2024,Trousers,Wool,242,Sewing,,,,,,,20,,19,14,14,21,19,,
546,25-04-2024,06-05-2024,Suit,Cotton,320,Sewing,14,42,23,18,22,46,23,,20,19,,,,,
547,13-03-2024,18-05-2024,Suit,Leather,297,Cutting,16,46,21,21,17,31,22,,16,19,,,,,
548,08-02-2024,03-05-2024,Jacket,Wool,224,Cutting,19,26,17,21,,47,21,18,,,,,,,
549,29-02-2024,29-04-2024,Trousers,Wool,316,Cutting,,,,,,,14,,16,20,21,22,23,,
550,09-02-2024,30-04-2024,Dress,Wool,232,Ready to Ship,,,,,,,22,24,17,16,,,14,16,20
551,05-03-2024,14-05-2024,Trousers,Wool,96,Measuring,,,,,,,22,,18,21,18,14,19,,
552,31-03-2024,30-04-2024,Suit,Cotton,143,Awaiting Pickup,15,44,21,18,17,27,15,,16,15,,,,,
553,17-04-2024,27-05-2024,Dress,Silk,211,Measuring,,,,,,,19,23,18,14,,,23,14,22
554,08-03-2024,03-05-2024,Suit,Leather,244,Cutting,14,38,17,17,20,30,16,,15,22,,,,,
555,11-02-2024,28-05-2024,Dress,Silk,63,Ready to Ship,,,,,,,23,19,17,15,,,15,19,17
556,04-02-2024,08-05-2024,Shirt,Linen,334,Awaiting Pickup,18,23,22,16,14,,,,,,,,,,
557,08-03-2024,13-05-2024,Jacket,Wool,377,Awaiting Pickup,14,41,21,16,,40,17,17,,,,,,,
558,30-03-2024,15-05-2024,Jacket,Leather,479,Awaiting Pickup,15,41,16,23,,42,19,22,,,,,,,
559,04-01-2024,04-05-2024,Dress,Leather,303,Cutting,,,,,,,18,15,17,18,,,16,21,24
560,27-01-2024,21-05-2024,Dress,Linen,200,Ready to Ship,,,,,,,21,24,18,20,,,22,20,14
561,03-01-2024,14-05-2024,Trousers,Leather,267,Awaiting Pickup,,,,,,,19,,20,24,15,21,20,,
562,28-03-2024,13-05-2024,Shirt,Cotton,188,Cutting,19,48,24,21,18,,,,,,,,,,
563,16-04-2024,09-05-2024,Jacket,Linen,220,Awaiting Pickup,24,38,19,20,,29,15,16,,,,,,,
564,18-01-2024,15-05-2024,Jacket,Cotton,58,Measuring,19,36,23,24,,49,18,20,,,,,,,
565,17-02-2024,29-04-2024,Jacket,Cotton,253,Ready to Ship,18,48,20,14,,42,15,17,,,,,,,
566,20-01-2024,01-05-2024,Shirt,Wool,273,Measuring,15,20,16,20,20,,,,,,,,,,
567,09-03-2024,14-05-2024,Suit,Cotton,118,Sewing,18,39,15,19,16,46,20,,17,14,,,,,
568,26-01-2024,28-05-2024,Shirt,Linen,151,Measuring,19,26,15,24,14,,,,,,,,,,
569,03-02-2024,25-05-2024,Trousers,Silk,169,Cutting,,,,,,,23,,17,17,22,22,18,,
570,05-03-2024,30-04-2024,Dress,Leather,333,Ready to Ship,,,,,,,15,24,15,14,,,22,15,24
571,09-03-2024,25-05-2024,Shirt,Linen,401,Ready to Ship,16,31,18,22,14,,,,,,,,,,
572,06-04-2024,18-05-2024,Suit,Silk,390,Cutting,24,39,19,16,16,41,19,,23,17,,,,,
573,22-02-2024,10-05-2024,Jacket,Linen,119,Cutting,18,47,15,21,,27,18,22,,,,,,,
574,25-02-2024,27-05-2024,Dress,Wool,413,Awaiting Pickup,,,,,,,16,24,24,21,,,21,22,24
575,29-02-2024,07-05-2024,Shirt,Linen,145,Cutting,23,35,18,23,19,,,,,,,,,,
576,09-03-2024,28-05-2024,Suit,Leather,165,Cutting,14,27,18,18,18,20,24,,18,19,,,,,
577,19-01-2024,15-05-2024,Trousers,Leather,260,Measuring,,,,,,,19,,16,15,22,24,16,,
578,20-03-2024,21-05-2024,Jacket,Linen,247,Awaiting Pickup,21,29,24,23,,33,24,21,,,,,,,
579,19-03-2024,04-05-2024,Jacket,Cotton,497,Measuring,14,25,14,24,,37,21,18,,,,,,,
580,17-03-2024,23-05-2024,Shirt,Wool,54,Awaiting Pickup,24,50,14,23,15,,,,,,,,,,
581,14-01-2024,18-05-2024,Dress,Wool,78,Ready to Ship,,,,,,,19,16,16,14,,,18,15,15
582,21-02-2024,08-05-2024,Trousers,Linen,167,Cutting,,,,,,,18,,22,23,19,24,16,,
583,24-01-2024,22-05-2024,Suit,Linen,122,Cutting,18,32,20,14,15,50,17,,24,20,,,,,
584,06-02-2024,02-05-2024,Suit,Silk,351,Measuring,15,24,20,14,16,47,23,,19,14,,,,,
585,03-02-2024,24-05-2024,Jacket,Cotton,83,Sewing,22,31,14,15,,38,17,19,,,,,,,
586,28-04-2024,07-05-2024,Dress,Cotton,118,Measuring,,,,,,,22,24,20,15,,,17,24,16
587,18-01-2024,22-05-2024,Shirt,Linen,109,Ready to Ship,14,30,20,20,24,,,,,,,,,,
588,19-01-2024,17-05-2024,Jacket,Leather,365,Ready to Ship,20,36,20,17,,25,16,16,,,,,,,
589,16-01-2024,17-05-2024,Dress,Cotton,296,Sewing,,,,,,,19,15,24,15,,,19,18,15
590,27-02-2024,12-05-2024,Jacket,Cotton,55,Ready to Ship,21,47,24,20,,44,24,14,,,,,,,
591,21-01-2024,03-05-2024,Jacket,Linen,475,Ready to Ship,20,20,14,24,,21,18,17,,,,,,,
592,09-04-2024,15-05-2024,Dress,Wool,277,Sewing,,,,,,,24,17,15,15,,,15,21,21
593,31-01-2024,04-05-2024,Jacket,Linen,358,Measuring,15,24,19,23,,30,14,14,,,,,,,
594,17-01-2024,06-05-2024,Shirt,Linen,164,Awaiting Pickup,20,50,16,22,16,,,,,,,,,,
595,29-03-2024,14-05-2024,Suit,Cotton,53,Measuring,17,22,23,16,20,35,22,,17,18,,,,,
596,10-04-2024,01-05-2024,Jacket,Cotton,217,Sewing,16,30,19,17,,31,19,20,,,,,,,
597,18-03-2024,14-05-2024,Suit,Wool,311,Cutting,23,32,17,19,21,31,16,,16,18,,,,,
598,08-01-2024,30-04-2024,Suit,Cotton,221,Measuring,14,32,23,14,17,46,18,,22,19,,,,,
599,09-04-2024,24-05-2024,Trousers,Wool,187,Measuring,,,,,,,24,,14,22,22,19,24,,
600,23-01-2024,10-05-2024,Dress,Linen,100,Cutting,,,,,,,14,21,21,15,,,19,18,16
601,19-02-2024,25-05-2024,Dress,Silk,190,Sewing,,,,,,,16,17,19,15,,,21,18,15
602,27-02-2024,08-05-2024,Trousers,Linen,220,Cutting,,,,,,,22,,18,19,23,17,21,,
603,14-01-2024,23-05-2024,Trousers,Cotton,240,Measuring,,,,,,,14,,23,15,23,15,17,,
604,24-03-2024,07-05-2024,Dress,Leather,411,Awaiting Pickup,,,,,,,21,20,21,18,,,16,20,15
605,25-01-2024,12-05-2024,Shirt,Silk,325,Ready to Ship,20,38,22,22,21,,,,,,,,,,
606,03-01-2024,14-05-2024,Jacket,Silk,61,Sewing,20,26,16,24,,39,18,22,,,,,,,
607,06-04-2024,28-05-2024,Jacket,Cotton,422,Cutting,17,38,17,18,,40,16,17,,,,,,,
608,25-04-2024,14-05-2024,Dress,Wool,163,Sewing,,,,,,,24,18,21,22,,,14,23,14
609,15-03-2024,16-05-2024,Trousers,Leather,146,Cutting,,,,,,,19,,22,17,22,14,23,,
610,02-02-2024,01-05-2024,Jacket,Wool,423,Ready to Ship,16,31,16,14,,26,19,23,,,,,,,
611,29-01-2024,27-05-2024,Shirt,Leather,229,Measuring,22,49,23,19,21,,,,,,,,,,
612,10-02-2024,03-05-2024,Jacket,Leather,219,Ready to Ship,20,45,23,24,,34,22,17,,,,,,,
613,05-04-2024,07-05-2024,Shirt,Wool,191,Sewing,24,31,16,16,24,,,,,,,,,,
614,06-03-2024,22-05-2024,Suit,Silk,307,Sewing,22,31,20,15,24,26,15,,16,22,,,,,
615,15-01-2024,24-05-2024,Shirt,Wool,378,Cutting,16,36,21,20,18,,,,,,,,,,
616,01-02-2024,24-05-2024,Suit,Leather,159,Ready to Ship,22,42,22,20,16,49,24,,15,16,,,,,
617,16-02-2024,05-05-2024,Trousers,Cotton,451,Cutting,,,,,,,15,,14,22,19,16,21,,
618,20-04-2024,28-05-2024,Jacket,Silk,422,Cutting,15,50,18,18,,50,15,15,,,,,,,
619,28-02-2024,21-05-2024,Dress,Wool,483,Sewing,,,,,,,23,14,16,19,,,19,15,19
620,06-03-2024,20-05-2024,Suit,Wool,342,Ready to Ship,23,43,22,22,16,50,23,,16,17,,,,,
621,19-03-2024,13-05-2024,Suit,Linen,166,Measuring,18,29,24,20,24,46,19,,18,22,,,,,
622,11-01-2024,12-05-2024,Jacket,Wool,131,Ready to Ship,17,47,24,23,,48,17,22,,,,,,,
623,21-04-2024,16-05-2024,Shirt,Leather,93,Ready to Ship,15,21,15,17,19,,,,,,,,,,
624,03-03-2024,01-05-2024,Shirt,Silk,412,Awaiting Pickup,16,35,19,14,14,,,,,,,,,,
625,22-02-2024,27-05-2024,Shirt,Linen,410,Awaiting Pickup,19,26,21,18,21,,,,,,,,,,
626,16-03-2024,15-05-2024,Dress,Cotton,71,Cutting,,,,,,,21,22,18,17,,,22,14,23
627,20-04-2024,22-05-2024,Jacket,Leather,387,Sewing,21,30,21,16,,39,24,21,,,,,,,
628,19-01-2024,12-05-2024,Dress,Silk,349,Ready to Ship,,,,,,,18,17,14,19,,,21,17,20
629,12-02-2024,28-05-2024,Dress,Silk,435,Ready to Ship,,,,,,,21,14,14,20,,,17,23,22
630,04-04-2024,16-05-2024,Dress,Cotton,139,Awaiting Pickup,,,,,,,19,23,24,14,,,24,19,21
631,30-01-2024,05-05-2024,Trousers,Wool,425,Ready to Ship,,,,,,,15,,16,24,24,23,22,,
632,03-01-2024,21-05-2024,Jacket,Cotton,105,Awaiting Pickup,21,30,24,14,,36,16,19,,,,,,,
633,01-03-2024,16-05-2024,Jacket,Cotton,470,Measuring,16,50,14,15,,47,22,19,,,,,,,
634,24-04-2024,12-05-2024,Shirt,Leather,201,Ready to Ship,21,27,22,23,21,,,,,,,,,,
635,09-02-2024,28-05-2024,Trousers,Leather,310,Measuring,,,,,,,14,,17,23,19,15,18,,
636,24-01-2024,21-05-2024,Shirt,Wool,366,Ready to Ship,24,38,21,22,16,,,,,,,,,,
637,06-02-2024,13-05-2024,Suit,Leather,83,Measuring,21,28,16,24,15,31,15,,14,24,,,,,
638,10-03-2024,10-05-2024,Shirt,Wool,406,Sewing,15,26,23,16,22,,,,,,,,,,
639,15-03-2024,16-05-2024,Trousers,Wool,421,Measuring,,,,,,,16,,23,14,23,20,17,,
640,01-02-2024,21-05-2024,Dress,Wool,127,Ready to Ship,,,,,,,22,24,22,24,,,16,18,17
641,02-02-2024,29-04-2024,Shirt,Leather,70,Cutting,14,20,15,19,15,,,,,,,,,,
642,16-04-2024,23-05-2024,Suit,Linen,476,Cutting,15,38,15,23,23,23,24,,24,19,,,,,
643,01-04-2024,07-05-2024,Suit,Cotton,433,Sewing,15,27,17,18,24,42,23,,24,18,,,,,
644,16-02-2024,05-05-2024,Dress,Wool,432,Measuring,,,,,,,24,17,16,20,,,20,22,19
645,10-02-2024,09-05-2024,Dress,Cotton,365,Ready to Ship,,,,,,,15,14,15,17,,,16,17,17
646,01-02-2024,06-05-2024,Suit,Linen,427,Awaiting Pickup,24,47,18,20,19,34,16,,20,24,,,,,
647,02-01-2024,12-05-2024,Dress,Leather,421,Awaiting Pickup,,,,,,,17,17,20,24,,,14,14,14
648,14-03-2024,12-05-2024,Trousers,Linen,127,Awaiting Pickup,,,,,,,23,,21,14,23,19,14,,
649,19-01-2024,27-05-2024,Suit,Cotton,383,Measuring,22,37,16,24,16,23,23,,22,14,,,,,
650,14-03-2024,28-05-2024,Dress,Silk,141,Cutting,,,,,,,21,17,23,18,,,21,18,19
651,16-02-2024,18-05-2024,Jacket,Cotton,389,Cutting,18,43,19,24,,38,21,14,,,,,,,
652,04-04-2024,28-05-2024,Shirt,Wool,498,Sewing,20,36,24,24,19,,,,,,,,,,
653,04-03-2024,28-05-2024,Trousers,Wool,333,Ready to Ship,,,,,,,16,,23,21,23,18,18,,
654,03-02-2024,25-05-2024,Suit,Silk,300,Cutting,23,44,15,14,22,46,20,,23,16,,,,,
655,25-01-2024,22-05-2024,Suit,Cotton,163,Cutting,23,49,18,18,18,50,14,,24,16,,,,,
656,18-01-2024,05-05-2024,Trousers,Wool,321,Cutting,,,,,,,14,,18,19,23,19,23,,
657,11-01-2024,13-05-2024,Trousers,Silk,391,Measuring,,,,,,,21,,20,22,20,22,22,,
658,22-01-2024,10-05-2024,Shirt,Linen,224,Measuring,19,27,17,17,18,,,,,,,,,,
659,28-03-2024,11-05-2024,Jacket,Leather,257,Cutting,16,32,16,15,,48,20,17,,,,,,,
660,18-03-2024,17-05-2024,Jacket,Linen,243,Sewing,15,28,14,21,,33,16,21,,,,,,,
661,08-01-2024,01-05-2024,Jacket,Leather,326,Cutting,22,40,24,16,,48,24,18,,,,,,,
662,26-03-2024,14-05-2024,Trousers,Linen,91,Sewing,,,,,,,16,,16,21,18,16,14,,
663,25-03-2024,24-05-2024,Dress,Silk,315,Measuring,,,,,,,19,21,15,14,,,20,23,24
664,06-02-2024,19-05-2024,Jacket,Silk,450,Measuring,20,49,23,20,,41,22,16,,,,,,,
665,12-01-2024,08-05-2024,Trousers,Linen,498,Awaiting Pickup,,,,,,,20,,14,17,24,16,24,,
666,09-01-2024,08-05-2024,Suit,Silk,325,Ready to Ship,23,23,14,14,20,43,22,,14,15,,,,,
667,02-03-2024,06-05-2024,Dress,Wool,401,Cutting,,,,,,,18,15,24,21,,,24,17,23
668,16-04-2024,09-05-2024,Dress,Cotton,333,Ready to Ship,,,,,,,17,14,22,22,,,21,21,22
669,21-04-2024,10-05-2024,Dress,Cotton,392,Measuring,,,,,,,24,18,21,15,,,21,21,14
670,06-02-2024,12-05-2024,Dress,Wool,251,Ready to Ship,,,,,,,16,15,18,23,,,14,17,21
671,19-02-2024,16-05-2024,Trousers,Leather,217,Awaiting Pickup,,,,,,,16,,23,16,23,20,17,,
672,11-03-2024,23-05-2024,Jacket,Leather,105,Cutting,15,24,22,22,,20,23,23,,,,,,,
673,03-03-2024,11-05-2024,Suit,Leather,125,Cutting,16,28,24,19,15,37,16,,22,23,,,,,
674,06-03-2024,28-05-2024,Shirt,Cotton,500,Sewing,23,28,22,18,22,,,,,,,,,,
675,08-03-2024,02-05-2024,Shirt,Leather,88,Measuring,17,29,24,20,17,,,,,,,,,,
676,28-01-2024,18-05-2024,Dress,Silk,333,Cutting,,,,,,,19,18,24,20,,,19,15,14
677,24-02-2024,18-05-2024,Shirt,Silk,117,Sewing,23,39,19,20,23,,,,,,,,,,
678,15-04-2024,20-05-2024,Dress,Linen,417,Ready to Ship,,,,,,,21,15,17,24,,,20,17,18
679,29-01-2024,26-05-2024,Jacket,Wool,187,Sewing,21,40,14,18,,30,19,16,,,,,,,
680,04-04-2024,17-05-2024,Trousers,Linen,500,Ready to Ship,,,,,,,16,,14,15,16,24,19,,
681,24-04-2024,14-05-2024,Jacket,Leather,318,Awaiting Pickup,23,41,19,23,,31,24,22,,,,,,,
682,01-02-2024,15-05-2024,Trousers,Cotton,150,Sewing,,,,,,,22,,19,15,21,19,17,,
683,08-01-2024,04-05-2024,Trousers,Cotton,187,Cutting,,,,,,,20,,24,15,24,22,16,,
684,12-04-2024,17-05-2024,Dress,Wool,419,Measuring,,,,,,,14,20,16,15,,,24,20,18
685,19-04-2024,07-05-2024,Trousers,Wool,444,Ready to Ship,,,,,,,18,,14,21,15,17,24,,
686,21-01-2024,12-05-2024,Shirt,Silk,423,Cutting,21,34,15,20,19,,,,,,,,,,
687,18-03-2024,04-05-2024,Jacket,Leather,65,Cutting,18,33,20,24,,50,22,24,,,,,,,
688,12-04-2024,29-04-2024,Shirt,Wool,189,Sewing,17,46,22,23,16,,,,,,,,,,
689,11-02-2024,15-05-2024,Suit,Wool,78,Ready to Ship,24,49,14,21,22,25,23,,17,19,,,,,
690,15-01-2024,23-05-2024,Dress,Silk,411,Cutting,,,,,,,14,15,17,16,,,22,24,19
691,11-03-2024,15-05-2024,Jacket,Linen,469,Ready to Ship,16,27,20,19,,34,19,22,,,,,,,
692,28-03-2024,16-05-2024,Shirt,Leather,467,Sewing,24,34,24,16,15,,,,,,,,,,
693,18-02-2024,18-05-2024,Trousers,Leather,417,Sewing,,,,,,,21,,17,20,17,22,19,,
694,19-04-2024,27-05-2024,Jacket,Wool,489,Measuring,23,29,18,14,,35,20,16,,,,,,,
695,07-03-2024,01-05-2024,Dress,Leather,456,Ready to Ship,,,,,,,16,22,17,17,,,20,14,24
696,04-02-2024,19-05-2024,Jacket,Leather,72,Sewing,20,44,22,19,,28,19,22,,,,,,,
697,19-02-2024,20-05-2024,Shirt,Leather,324,Sewing,14,21,23,20,21,,,,,,,,,,
698,14-04-2024,19-05-2024,Suit,Linen,432,Awaiting Pickup,23,50,22,18,23,34,17,,21,18,,,,,
699,01-04-2024,20-05-2024,Trousers,Wool,242,Measuring,,,,,,,17,,19,24,17,22,20,,
700,02-02-2024,29-04-2024,Shirt,Linen,312,Cutting,21,41,16,16,14,,,,,,,,,,
701,10-04-2024,12-05-2024,Suit,Cotton,338,Awaiting Pickup,22,45,20,18,18,43,19,,20,23,,,,,
702,23-04-2024,20-05-2024,Suit,Cotton,420,Measuring,20,44,16,19,22,40,22,,24,23,,,,,
703,24-01-2024,03-05-2024,Trousers,Cotton,135,Ready to Ship,,,,,,,18,,20,16,22,23,16,,
704,16-01-2024,01-05-2024,Jacket,Wool,373,Awaiting Pickup,23,50,18,14,,20,17,23,,,,,,,
705,11-04-2024,22-05-2024,Dress,Linen,348,Sewing,,,,,,,22,24,22,19,,,15,24,23
706,15-03-2024,14-05-2024,Dress,Leather,188,Ready to Ship,,,,,,,23,22,14,19,,,23,20,19
707,15-04-2024,09-05-2024,Dress,Silk,269,Ready to Ship,,,,,,,14,17,18,24,,,16,16,20
708,19-01-2024,06-05-2024,Jacket,Cotton,376,Ready to Ship,15,50,18,19,,29,18,17,,,,,,,
709,19-04-2024,11-05-2024,Trousers,Wool,148,Ready to Ship,,,,,,,21,,23,20,24,23,18,,
710,05-03-2024,19-05-2024,Dress,Silk,112,Cutting,,,,,,,22,19,22,23,,,20,17,23
711,05-04-2024,16-05-2024,Suit,Cotton,323,Ready to Ship,20,34,15,15,16,44,20,,14,20,,,,,
712,29-01-2024,08-05-2024,Dress,Silk,118,Sewing,,,,,,,22,18,24,16,,,21,21,22
713,30-03-2024,06-05-2024,Jacket,Cotton,392,Cutting,21,39,24,20,,44,14,24,,,,,,,
714,08-03-2024,22-05-2024,Shirt,Leather,106,Measuring,18,46,20,23,17,,,,,,,,,,
715,04-02-2024,21-05-2024,Trousers,Wool,223,Awaiting Pickup,,,,,,,14,,19,22,15,24,15,,
716,15-01-2024,26-05-2024,Shirt,Wool,152,Measuring,21,36,24,16,17,,,,,,,,,,
717,17-01-2024,16-05-2024,Dress,Leather,159,Ready to Ship,,,,,,,20,23,22,22,,,19,23,23
718,12-04-2024,26-05-2024,Jacket,Wool,492,Cutting,18,49,17,21,,37,20,23,,,,,,,
719,14-04-2024,04-05-2024,Shirt,Wool,145,Sewing,23,44,20,20,20,,,,,,,,,,
720,05-01-2024,14-05-2024,Jacket,Linen,448,Sewing,19,49,15,15,,24,16,22,,,,,,,
721,12-04-2024,28-05-2024,Shirt,Leather,154,Measuring,20,21,24,19,23,,,,,,,,,,
722,28-03-2024,15-05-2024,Suit,Leather,52,Ready to Ship,14,45,22,20,16,30,18,,19,23,,,,,
723,07-02-2024,24-05-2024,Dress,Wool,297,Awaiting Pickup,,,,,,,19,16,23,15,,,22,23,14
724,18-04-2024,16-05-2024,Jacket,Wool,195,Ready to Ship,15,46,23,22,,30,16,20,,,,,,,
725,03-04-2024,16-05-2024,Jacket,Silk,51,Cutting,16,26,21,21,,43,18,24,,,,,,,
726,01-03-2024,19-05-2024,Dress,Silk,139,Awaiting Pickup,,,,,,,21,18,21,21,,,15,22,18
727,29-01-2024,13-05-2024,Suit,Silk,266,Measuring,15,41,20,21,14,44,21,,23,17,,,,,
728,26-02-2024,11-05-2024,Dress,Wool,421,Awaiting Pickup,,,,,,,18,14,21,18,,,17,20,18
729,24-02-2024,24-05-2024,Dress,Leather,261,Ready to Ship,,,,,,,19,23,19,16,,,22,21,22
730,29-01-2024,25-05-2024,Jacket,Silk,203,Measuring,22,24,23,21,,32,14,23,,,,,,,
731,13-01-2024,04-05-2024,Shirt,Silk,237,Sewing,21,29,17,23,24,,,,,,,,,,
732,02-04-2024,04-05-2024,Dress,Cotton,264,Sewing,,,,,,,23,19,15,19,,,18,15,23
733,26-03-2024,07-05-2024,Jacket,Leather,279,Sewing,14,32,21,21,,38,20,19,,,,,,,
734,22-02-2024,27-05-2024,Suit,Wool,277,Cutting,18,29,14,24,15,29,23,,17,21,,,,,
735,09-01-2024,19-05-2024,Shirt,Cotton,69,Measuring,14,41,20,17,15,,,,,,,,,,
736,23-04-2024,22-05-2024,Jacket,Leather,164,Sewing,21,50,14,15,,25,19,18,,,,,,,
737,04-02-2024,04-05-2024,Suit,Linen,488,Cutting,18,22,23,22,19,37,19,,22,20,,,,,
738,05-03-2024,21-05-2024,Trousers,Wool,106,Awaiting Pickup,,,,,,,22,,20,15,24,18,15,,
739,16-02-2024,17-05-2024,Jacket,Leather,250,Ready to Ship,18,44,19,14,,44,21,24,,,,,,,
740,07-01-2024,07-05-2024,Jacket,Linen,261,Cutting,16,30,18,23,,50,23,21,,,,,,,
741,09-01-2024,20-05-2024,Shirt,Cotton,278,Measuring,24,32,14,23,23,,,,,,,,,,
742,03-04-2024,19-05-2024,Trousers,Wool,469,Cutting,,,,,,,23,,20,24,23,23,14,,
743,05-02-2024,07-05-2024,Suit,Linen,54,Cutting,19,45,14,14,16,33,14,,16,22,,,,,
744,27-02-2024,23-05-2024,Trousers,Silk,218,Sewing,,,,,,,19,,19,19,19,19,23,,
745,09-01-2024,28-05-2024,Dress,Silk,351,Cutting,,,,,,,24,24,19,16,,,21,15,21
746,23-03-2024,23-05-2024,Shirt,Silk,71,Ready to Ship,24,43,16,24,23,,,,,,,,,,
747,02-01-2024,24-05-2024,Jacket,Linen,198,Cutting,20,43,19,22,,47,14,17,,,,,,,
748,03-01-2024,22-05-2024,Dress,Leather,287,Sewing,,,,,,,22,14,24,18,,,19,22,15
749,24-02-2024,26-05-2024,Shirt,Linen,399,Cutting,14,49,21,24,21,,,,,,,,,,
750,10-02-2024,18-05-2024,Shirt,Silk,54,Awaiting Pickup,19,47,23,16,15,,,,,,,,,,
751,23-02-2024,06-05-2024,Trousers,Silk,334,Sewing,,,,,,,19,,16,15,21,24,17,,
752,15-02-2024,30-04-2024,Suit,Linen,227,Ready to Ship,21,34,16,14,19,38,16,,14,22,,,,,
753,25-03-2024,24-05-2024,Dress,Cotton,114,Measuring,,,,,,,23,14,17,15,,,24,23,16
754,13-02-2024,02-05-2024,Jacket,Linen,401,Awaiting Pickup,19,47,23,15,,48,16,16,,,,,,,
755,15-04-2024,24-05-2024,Shirt,Silk,333,Awaiting Pickup,14,38,19,15,23,,,,,,,,,,
756,09-04-2024,28-05-2024,Suit,Leather,111,Ready to Ship,24,29,19,19,15,35,24,,24,22,,,,,
757,21-02-2024,12-05-2024,Shirt,Cotton,86,Awaiting Pickup,15,47,18,18,15,,,,,,,,,,
758,12-01-2024,30-04-2024,Trousers,Silk,307,Awaiting Pickup,,,,,,,24,,16,21,21,16,16,,
759,11-03-2024,07-05-2024,Suit,Silk,154,Measuring,23,47,19,21,22,33,20,,18,15,,,,,
760,06-01-2024,04-05-2024,Suit,Leather,317,Sewing,17,21,23,16,16,27,22,,24,20,,,,,
761,24-03-2024,17-05-2024,Shirt,Silk,182,Cutting,17,35,21,24,24,,,,,,,,,,
762,23-02-2024,29-04-2024,Dress,Linen,201,Measuring,,,,,,,16,20,24,22,,,22,16,16
763,10-04-2024,20-05-2024,Suit,Linen,489,Ready to Ship,16,38,23,14,14,26,24,,17,14,,,,,
764,07-04-2024,23-05-2024,Jacket,Leather,344,Measuring,22,33,24,18,,40,17,19,,,,,,,
765,17-01-2024,11-05-2024,Trousers,Leather,124,Ready to Ship,,,,,,,14,,18,22,19,17,21,,
766,11-04-2024,29-04-2024,Jacket,Leather,133,Awaiting Pickup,18,20,15,19,,25,22,21,,,,,,,
767,03-04-2024,12-05-2024,Trousers,Leather,428,Awaiting Pickup,,,,,,,22,,16,19,22,21,20,,
768,01-04-2024,20-05-2024,Shirt,Silk,289,Ready to Ship,18,35,17,15,16,,,,,,,,,,
769,07-03-2024,15-05-2024,Dress,Linen,276,Sewing,,,,,,,24,19,19,24,,,17,21,23
770,17-02-2024,27-05-2024,Suit,Linen,180,Sewing,22,44,22,16,24,46,14,,16,18,,,,,
771,02-02-2024,29-04-2024,Trousers,Wool,441,Ready to Ship,,,,,,,22,,19,17,21,19,20,,
772,26-04-2024,13-05-2024,Dress,Wool,203,Sewing,,,,,,,14,18,15,19,,,14,14,14
773,17-04-2024,23-05-2024,Suit,Leather,408,Measuring,21,42,15,14,14,34,20,,23,14,,,,,
774,02-04-2024,16-05-2024,Trousers,Leather,133,Awaiting Pickup,,,,,,,15,,18,16,16,21,16,,
775,14-04-2024,25-05-2024,Jacket,Wool,437,Awaiting Pickup,18,40,19,24,,20,23,19,,,,,,,
776,11-01-2024,16-05-2024,Dress,Wool,236,Sewing,,,,,,,17,21,16,19,,,22,19,14
777,19-04-2024,10-05-2024,Shirt,Cotton,188,Awaiting Pickup,23,49,20,23,19,,,,,,,,,,
778,10-02-2024,10-05-2024,Dress,Leather,71,Ready to Ship,,,,,,,14,19,20,17,,,20,16,22
779,21-02-2024,26-05-2024,Suit,Wool,160,Measuring,22,23,16,19,23,40,14,,18,14,,,,,
780,05-04-2024,06-05-2024,Trousers,Wool,97,Sewing,,,,,,,18,,14,24,16,17,15,,
781,11-03-2024,09-05-2024,Suit,Silk,298,Cutting,19,34,22,19,15,42,19,,21,20,,,,,
782,19-02-2024,22-05-2024,Dress,Cotton,467,Cutting,,,,,,,20,23,22,19,,,23,19,17
783,14-02-2024,14-05-2024,Shirt,Cotton,305,Ready to Ship,18,34,16,17,17,,,,,,,,,,
784,10-01-2024,01-05-2024,Dress,Linen,169,Measuring,,,,,,,20,18,23,16,,,16,17,23
785,17-02-2024,07-05-2024,Dress,Silk,490,Awaiting Pickup,,,,,,,20,19,14,23,,,19,16,16
786,22-04-2024,11-05-2024,Jacket,Cotton,370,Ready to Ship,16,24,19,17,,41,20,17,,,,,,,
787,07-02-2024,27-05-2024,Jacket,Silk,309,Measuring,18,20,17,24,,41,20,14,,,,,,,
788,14-04-2024,22-05-2024,Jacket,Silk,283,Cutting,20,41,15,18,,41,16,24,,,,,,,
789,03-04-2024,28-05-2024,Shirt,Wool,254,Ready to Ship,23,30,18,18,22,,,,,,,,,,
790,06-01-2024,24-05-2024,Dress,Linen,153,Sewing,,,,,,,21,18,17,14,,,19,23,17
791,11-02-2024,10-05-2024,Suit,Linen,244,Awaiting Pickup,18,50,19,19,15,35,17,,17,18,,,,,
792,09-02-2024,11-05-2024,Jacket,Wool,143,Ready to Ship,24,37,24,19,,47,18,15,,,,,,,
793,09-02-2024,13-05-2024,Shirt,Linen,88,Measuring,14,21,18,16,20,,,,,,,,,,
794,07-03-2024,09-05-2024,Shirt,Leather,57,Measuring,24,22,23,14,15,,,,,,,,,,
795,07-01-2024,04-05-2024,Shirt,Cotton,288,Sewing,19,42,20,20,23,,,,,,,,,,
796,01-04-2024,06-05-2024,Suit,Linen,257,Measuring,23,20,23,21,15,31,19,,21,24,,,,,
797,19-02-2024,05-05-2024,Suit,Silk,391,Measuring,22,49,22,16,24,22,21,,14,22,,,,,
798,13-03-2024,09-05-2024,Jacket,Linen,493,Measuring,23,21,14,23,,47,15,18,,,,,,,
799,19-01-2024,16-05-2024,Shirt,Leather,488,Cutting,18,49,24,20,22,,,,,,,,,,
800,14-02-2024,24-05-2024,Suit,Cotton,159,Ready to Ship,24,21,16,17,18,47,15,,20,15,,,,,
801,07-02-2024,15-05-2024,Trousers,Silk,414,Sewing,,,,,,,17,,20,19,19,21,22,,
802,12-03-2024,06-05-2024,Dress,Linen,176,Cutting,,,,,,,17,21,14,21,,,14,16,24
803,29-01-2024,03-05-2024,Suit,Wool,463,Sewing,19,47,20,22,15,22,15,,21,22,,,,,
804,26-04-2024,07-05-2024,Trousers,Linen,202,Cutting,,,,,,,17,,22,17,19,24,17,,
805,21-04-2024,27-05-2024,Jacket,Linen,137,Measuring,23,37,15,22,,28,24,18,,,,,,,
806,03-04-2024,01-05-2024,Dress,Wool,85,Cutting,,,,,,,16,21,16,19,,,21,18,23
807,16-02-2024,27-05-2024,Suit,Linen,129,Ready to Ship,17,37,15,21,23,42,16,,19,21,,,,,
808,01-02-2024,14-05-2024,Dress,Linen,306,Sewing,,,,,,,20,20,19,14,,,24,21,20
809,02-04-2024,03-05-2024,Dress,Cotton,311,Awaiting Pickup,,,,,,,15,22,22,22,,,20,14,23
810,10-01-2024,07-05-2024,Jacket,Linen,69,Sewing,18,41,20,23,,22,15,17,,,,,,,
811,03-03-2024,24-05-2024,Trousers,Wool,178,Sewing,,,,,,,24,,21,21,22,23,23,,
812,04-02-2024,22-05-2024,Shirt,Cotton,71,Measuring,20,31,15,21,20,,,,,,,,,,
813,22-04-2024,15-05-2024,Jacket,Leather,430,Ready to Ship,24,26,18,16,,34,21,19,,,,,,,
814,18-04-2024,10-05-2024,Trousers,Wool,432,Ready to Ship,,,,,,,15,,23,19,21,16,15,,
815,17-03-2024,08-05-2024,Suit,Silk,284,Measuring,16,36,18,18,18,29,21,,23,16,,,,,
816,09-01-2024,17-05-2024,Dress,Linen,499,Sewing,,,,,,,14,18,14,15,,,16,21,18
817,23-02-2024,27-05-2024,Suit,Wool,450,Awaiting Pickup,23,46,15,15,18,36,24,,17,15,,,,,
818,08-04-2024,23-05-2024,Shirt,Silk,312,Ready to Ship,24,40,22,16,23,,,,,,,,,,
819,20-04-2024,18-05-2024,Trousers,Wool,228,Cutting,,,,,,,17,,14,17,22,21,20,,
820,21-02-2024,28-05-2024,Trousers,Linen,266,Ready to Ship,,,,,,,18,,18,16,20,20,17,,
821,21-01-2024,08-05-2024,Shirt,Leather,363,Cutting,14,23,16,22,15,,,,,,,,,,
822,24-03-2024,23-05-2024,Dress,Leather,151,Sewing,,,,,,,19,20,24,16,,,15,17,18
823,18-01-2024,17-05-2024,Trousers,Wool,173,Measuring,,,,,,,15,,22,20,22,15,22,,
824,24-02-2024,08-05-2024,Shirt,Leather,380,Awaiting Pickup,17,22,22,24,17,,,,,,,,,,
825,20-01-2024,12-05-2024,Trousers,Leather,410,Awaiting Pickup,,,,,,,15,,19,23,15,16,17,,
826,09-01-2024,25-05-2024,Shirt,Cotton,227,Cutting,18,25,20,15,14,,,,,,,,,,
827,29-03-2024,06-05-2024,Suit,Wool,270,Cutting,20,32,17,15,18,47,15,,20,17,,,,,
828,21-04-2024,02-05-2024,Dress,Cotton,127,Sewing,,,,,,,23,23,24,22,,,16,17,24
829,19-02-2024,17-05-2024,Jacket,Silk,487,Sewing,22,46,19,16,,27,17,22,,,,,,,
830,29-01-2024,05-05-2024,Suit,Wool,74,Cutting,14,22,18,21,14,38,22,,22,18,,,,,
831,28-02-2024,21-05-2024,Jacket,Silk,255,Cutting,24,50,17,18,,44,19,14,,,,,,,
832,10-04-2024,10-05-2024,Shirt,Linen,344,Ready to Ship,22,33,20,16,24,,,,,,,,,,
833,04-03-2024,23-05-2024,Shirt,Linen,244,Cutting,20,27,17,24,17,,,,,,,,,,
834,12-01-2024,21-05-2024,Suit,Leather,239,Ready to Ship,20,32,17,18,20,48,19,,16,21,,,,,
835,12-01-2024,12-05-2024,Dress,Cotton,296,Awaiting Pickup,,,,,,,17,14,23,17,,,23,20,16
836,13-02-2024,03-05-2024,Dress,Silk,156,Cutting,,,,,,,16,22,24,19,,,22,24,23
837,02-03-2024,14-05-2024,Shirt,Cotton,492,Sewing,19,42,22,16,22,,,,,,,,,,
838,20-04-2024,11-05-2024,Dress,Wool,430,Measuring,,,,,,,19,19,14,20,,,20,23,16
839,13-01-2024,26-05-2024,Dress,Silk,292,Cutting,,,,,,,22,14,14,23,,,16,21,17
840,26-03-2024,14-05-2024,Jacket,Wool,317,Measuring,17,20,21,20,,31,24,22,,,,,,,
841,21-03-2024,09-05-2024,Suit,Wool,165,Awaiting Pickup,23,49,19,16,15,47,22,,23,16,,,,,
842,24-04-2024,20-05-2024,Shirt,Wool,343,Awaiting Pickup,19,34,22,24,17,,,,,,,,,,
843,15-02-2024,03-05-2024,Jacket,Cotton,466,Awaiting Pickup,21,45,20,17,,38,19,17,,,,,,,
844,27-03-2024,04-05-2024,Shirt,Cotton,263,Ready to Ship,15,45,19,15,17,,,,,,,,,,
845,18-01-2024,18-05-2024,Suit,Leather,65,Awaiting Pickup,24,20,17,20,22,33,20,,17,18,,,,,
846,04-04-2024,22-05-2024,Trousers,Wool,454,Awaiting Pickup,,,,,,,22,,24,21,15,14,15,,
847,25-03-2024,13-05-2024,Shirt,Leather,368,Ready to Ship,22,41,22,19,20,,,,,,,,,,
848,18-04-2024,04-05-2024,Jacket,Leather,372,Cutting,18,33,23,21,,31,23,24,,,,,,,
849,24-03-2024,21-05-2024,Shirt,Silk,375,Ready to Ship,24,38,15,20,19,,,,,,,,,,
850,18-03-2024,09-05-2024,Trousers,Cotton,321,Sewing,,,,,,,22,,16,24,18,19,20,,
851,18-02-2024,13-05-2024,Jacket,Wool,187,Measuring,14,36,19,18,,39,18,23,,,,,,,
852,20-03-2024,13-05-2024,Jacket,Wool,61,Awaiting Pickup,15,37,17,23,,32,24,21,,,,,,,
853,13-02-2024,20-05-2024,Dress,Wool,344,Sewing,,,,,,,19,22,14,17,,,22,17,23
854,25-03-2024,28-05-2024,Suit,Leather,480,Sewing,19,32,17,22,15,39,20,,21,20,,,,,
855,29-02-2024,09-05-2024,Trousers,Silk,451,Cutting,,,,,,,24,,14,21,23,17,21,,
856,18-03-2024,13-05-2024,Suit,Leather,271,Cutting,19,29,16,24,17,21,18,,23,17,,,,,
857,12-02-2024,05-05-2024,Suit,Linen,328,Measuring,19,37,17,15,16,20,16,,16,16,,,,,
858,25-04-2024,28-05-2024,Dress,Linen,91,Ready to Ship,,,,,,,19,15,19,22,,,15,20,18
859,16-03-2024,17-05-2024,Suit,Leather,102,Ready to Ship,23,46,19,20,17,43,16,,16,15,,,,,
860,20-04-2024,02-05-2024,Dress,Wool,323,Ready to Ship,,,,,,,23,19,19,21,,,18,20,15
861,22-02-2024,29-04-2024,Trousers,Leather,427,Awaiting Pickup,,,,,,,15,,19,22,16,17,22,,
862,19-02-2024,27-05-2024,Dress,Silk,289,Cutting,,,,,,,22,16,18,17,,,15,23,21
863,24-02-2024,21-05-2024,Jacket,Wool,208,Awaiting Pickup,14,29,15,24,,46,14,17,,,,,,,
864,01-01-2024,12-05-2024,Trousers,Cotton,299,Cutting,,,,,,,18,,15,19,16,14,20,,
865,07-04-2024,12-05-2024,Shirt,Leather,265,Cutting,21,31,24,22,17,,,,,,,,,,
866,18-04-2024,08-05-2024,Suit,Silk,415,Sewing,18,46,18,16,15,23,22,,16,18,,,,,
867,31-03-2024,30-04-2024,Jacket,Cotton,274,Ready to Ship,22,41,24,16,,43,21,21,,,,,,,
868,23-03-2024,13-05-2024,Suit,Leather,433,Awaiting Pickup,19,20,14,14,22,33,23,,24,20,,,,,
869,07-02-2024,30-04-2024,Suit,Wool,202,Awaiting Pickup,14,26,20,24,22,29,22,,15,22,,,,,
870,21-02-2024,09-05-2024,Suit,Linen,462,Awaiting Pickup,23,23,17,24,17,44,24,,14,21,,,,,
871,16-04-2024,01-05-2024,Jacket,Wool,286,Cutting,14,37,23,20,,46,16,17,,,,,,,
872,08-04-2024,04-05-2024,Dress,Linen,384,Measuring,,,,,,,19,21,17,23,,,23,22,23
873,01-02-2024,15-05-2024,Trousers,Linen,482,Measuring,,,,,,,22,,17,21,20,14,19,,
874,03-02-2024,13-05-2024,Suit,Cotton,292,Measuring,17,21,22,22,24,49,14,,18,23,,,,,
875,08-01-2024,14-05-2024,Trousers,Cotton,177,Ready to Ship,,,,,,,20,,21,18,14,17,15,,
876,22-04-2024,10-05-2024,Shirt,Linen,202,Ready to Ship,24,39,19,14,18,,,,,,,,,,
877,04-04-2024,15-05-2024,Shirt,Cotton,333,Cutting,22,26,20,24,19,,,,,,,,,,
878,21-03-2024,20-05-2024,Trousers,Silk,80,Cutting,,,,,,,18,,23,16,24,19,18,,
879,14-04-2024,29-04-2024,Shirt,Cotton,466,Measuring,23,46,23,17,20,,,,,,,,,,
880,10-04-2024,20-05-2024,Dress,Silk,153,Awaiting Pickup,,,,,,,16,21,22,20,,,23,22,24
881,04-01-2024,06-05-2024,Shirt,Wool,440,Cutting,23,32,20,14,22,,,,,,,,,,
882,02-04-2024,23-05-2024,Suit,Cotton,337,Measuring,14,41,21,21,22,21,15,,20,21,,,,,
883,27-02-2024,14-05-2024,Dress,Wool,350,Measuring,,,,,,,14,18,18,18,,,24,17,17
884,02-03-2024,18-05-2024,Dress,Cotton,401,Cutting,,,,,,,23,22,24,16,,,22,21,19
885,30-01-2024,08-05-2024,Dress,Silk,226,Ready to Ship,,,,,,,18,17,16,19,,,16,21,23
886,21-03-2024,14-05-2024,Suit,Silk,149,Ready to Ship,24,34,14,24,21,31,22,,23,14,,,,,
887,03-03-2024,09-05-2024,Trousers,Linen,150,Measuring,,,,,,,14,,17,15,21,18,16,,
888,13-02-2024,30-04-2024,Jacket,Wool,180,Awaiting Pickup,18,25,23,18,,21,17,22,,,,,,,
889,22-04-2024,18-05-2024,Shirt,Cotton,418,Awaiting Pickup,22,47,21,23,24,,,,,,,,,,
890,11-01-2024,15-05-2024,Dress,Cotton,329,Cutting,,,,,,,24,20,24,23,,,14,17,18
891,31-03-2024,06-05-2024,Suit,Leather,251,Cutting,15,21,19,15,18,29,16,,24,22,,,,,
892,04-01-2024,13-05-2024,Jacket,Leather,51,Measuring,17,28,18,16,,50,16,15,,,,,,,
893,14-04-2024,07-05-2024,Dress,Wool,61,Ready to Ship,,,,,,,15,21,23,15,,,15,20,23
894,23-02-2024,18-05-2024,Jacket,Linen,406,Measuring,24,25,21,23,,30,17,21,,,,,,,
895,05-02-2024,26-05-2024,Jacket,Silk,333,Measuring,19,25,14,14,,22,15,17,,,,,,,
896,02-02-2024,16-05-2024,Shirt,Wool,224,Sewing,17,32,17,17,15,,,,,,,,,,
897,04-04-2024,14-05-2024,Jacket,Wool,299,Measuring,16,33,21,15,,37,21,23,,,,,,,
898,19-01-2024,08-05-2024,Trousers,Silk,174,Awaiting Pickup,,,,,,,22,,18,18,23,23,14,,
899,20-02-2024,26-05-2024,Trousers,Wool,259,Measuring,,,,,,,23,,16,21,22,19,20,,
900,07-02-2024,30-04-2024,Shirt,Wool,194,Cutting,19,42,18,23,23,,,,,,,,,,
901,17-03-2024,09-05-2024,Suit,Leather,427,Awaiting Pickup,14,29,16,20,22,22,14,,16,22,,,,,
902,08-01-2024,09-05-2024,Trousers,Linen,73,Sewing,,,,,,,20,,21,21,19,16,21,,
903,04-02-2024,10-05-2024,Jacket,Wool,131,Cutting,21,22,19,22,,27,23,16,,,,,,,
904,10-04-2024,14-05-2024,Trousers,Wool,404,Sewing,,,,,,,22,,22,14,17,20,23,,
905,07-01-2024,17-05-2024,Dress,Wool,93,Measuring,,,,,,,18,18,23,22,,,19,19,21
906,06-02-2024,18-05-2024,Trousers,Linen,261,Measuring,,,,,,,17,,18,19,21,15,23,,
907,24-03-2024,19-05-2024,Trousers,Silk,102,Ready to Ship,,,,,,,23,,20,19,20,14,17,,
908,11-01-2024,17-05-2024,Trousers,Silk,172,Measuring,,,,,,,17,,18,19,17,16,19,,
909,19-03-2024,27-05-2024,Shirt,Wool,77,Sewing,22,46,19,23,19,,,,,,,,,,
910,19-01-2024,29-04-2024,Shirt,Linen,343,Ready to Ship,17,35,23,20,23,,,,,,,,,,
911,05-02-2024,28-05-2024,Suit,Leather,81,Cutting,22,42,18,15,14,22,23,,18,20,,,,,
912,15-03-2024,30-04-2024,Dress,Cotton,260,Ready to Ship,,,,,,,14,24,18,19,,,24,21,21
913,11-02-2024,04-05-2024,Jacket,Wool,483,Awaiting Pickup,18,49,19,14,,32,20,14,,,,,,,
914,16-04-2024,10-05-2024,Jacket,Linen,441,Cutting,21,41,19,19,,34,17,16,,,,,,,
915,17-01-2024,15-05-2024,Shirt,Leather,189,Ready to Ship,17,31,20,21,24,,,,,,,,,,
916,08-01-2024,01-05-2024,Trousers,Leather,203,Awaiting Pickup,,,,,,,23,,21,18,15,19,15,,
917,20-02-2024,24-05-2024,Dress,Leather,451,Ready to Ship,,,,,,,17,14,22,24,,,23,23,19
918,24-01-2024,13-05-2024,Suit,Silk,356,Ready to Ship,18,35,24,22,23,33,24,,23,16,,,,,
919,22-01-2024,08-05-2024,Dress,Silk,348,Measuring,,,,,,,21,19,20,14,,,18,15,17
920,26-03-2024,06-05-2024,Dress,Cotton,95,Ready to Ship,,,,,,,19,22,15,22,,,16,14,18
921,28-03-2024,03-05-2024,Jacket,Leather,423,Ready to Ship,21,45,19,23,,38,17,14,,,,,,,
922,30-03-2024,04-05-2024,Jacket,Wool,232,Sewing,21,23,14,24,,36,16,23,,,,,,,
923,22-01-2024,11-05-2024,Jacket,Cotton,317,Ready to Ship,21,37,18,23,,41,23,24,,,,,,,
924,14-02-2024,03-05-2024,Shirt,Silk,312,Sewing,22,30,15,20,23,,,,,,,,,,
925,22-01-2024,07-05-2024,Shirt,Silk,86,Ready to Ship,23,20,23,16,20,,,,,,,,,,
926,22-01-2024,15-05-2024,Trousers,Silk,314,Ready to Ship,,,,,,,23,,24,21,16,21,24,,
927,08-03-2024,03-05-2024,Dress,Silk,146,Ready to Ship,,,,,,,22,24,14,23,,,23,16,21
928,28-02-2024,21-05-2024,Dress,Wool,341,Sewing,,,,,,,17,19,19,24,,,23,22,24
929,08-04-2024,17-05-2024,Trousers,Leather,364,Cutting,,,,,,,19,,17,24,23,22,17,,
930,24-01-2024,16-05-2024,Shirt,Silk,115,Sewing,17,26,23,16,19,,,,,,,,,,
931,11-03-2024,23-05-2024,Trousers,Linen,281,Sewing,,,,,,,23,,24,19,20,24,24,,
932,13-04-2024,25-05-2024,Shirt,Linen,280,Cutting,23,23,24,23,23,,,,,,,,,,
933,02-04-2024,07-05-2024,Shirt,Cotton,246,Ready to Ship,23,36,22,24,16,,,,,,,,,,
934,20-02-2024,11-05-2024,Jacket,Leather,263,Awaiting Pickup,22,31,17,19,,41,22,20,,,,,,,
935,09-02-2024,19-05-2024,Trousers,Silk,299,Awaiting Pickup,,,,,,,24,,19,20,18,18,24,,
936,22-03-2024,06-05-2024,Jacket,Wool,497,Sewing,23,33,23,24,,25,19,15,,,,,,,
937,05-03-2024,17-05-2024,Jacket,Linen,160,Awaiting Pickup,18,50,22,20,,34,15,19,,,,,,,
938,06-02-2024,03-05-2024,Shirt,Leather,60,Measuring,23,33,16,17,17,,,,,,,,,,
939,19-03-2024,08-05-2024,Trousers,Linen,345,Cutting,,,,,,,15,,19,15,17,14,20,,
940,01-01-2024,28-05-2024,Suit,Linen,257,Ready to Ship,18,45,18,16,14,46,19,,19,21,,,,,
941,03-03-2024,04-05-2024,Jacket,Silk,466,Sewing,19,42,16,15,,30,14,23,,,,,,,
942,07-02-2024,25-05-2024,Dress,Wool,181,Ready to Ship,,,,,,,17,18,22,20,,,16,24,17
943,20-03-2024,04-05-2024,Trousers,Linen,314,Awaiting Pickup,,,,,,,14,,24,16,14,23,23,,
944,24-04-2024,22-05-2024,Suit,Linen,111,Sewing,17,25,22,22,14,45,16,,22,24,,,,,
945,26-01-2024,13-05-2024,Trousers,Wool,53,Awaiting Pickup,,,,,,,17,,18,24,19,15,23,,
946,30-03-2024,03-05-2024,Suit,Silk,371,Awaiting Pickup,22,24,15,22,17,29,15,,14,18,,,,,
947,04-01-2024,23-05-2024,Suit,Linen,145,Measuring,15,31,20,21,19,45,21,,17,22,,,,,
948,24-04-2024,13-05-2024,Dress,Wool,352,Measuring,,,,,,,17,21,24,20,,,18,23,15
949,08-04-2024,13-05-2024,Dress,Silk,67,Measuring,,,,,,,16,24,19,22,,,17,17,21
950,16-04-2024,29-04-2024,Jacket,Leather,177,Sewing,16,20,23,18,,26,21,23,,,,,,,
951,01-02-2024,06-05-2024,Dress,Linen,144,Awaiting Pickup,,,,,,,21,21,24,17,,,18,19,18
952,31-01-2024,18-05-2024,Dress,Wool,140,Ready to Ship,,,,,,,22,15,17,17,,,24,24,15
953,09-01-2024,12-05-2024,Trousers,Linen,229,Awaiting Pickup,,,,,,,15,,18,16,23,23,24,,
954,24-01-2024,03-05-2024,Shirt,Linen,410,Sewing,20,40,21,20,23,,,,,,,,,,
955,24-01-2024,05-05-2024,Jacket,Leather,138,Awaiting Pickup,22,33,16,24,,47,20,15,,,,,,,
956,16-04-2024,27-05-2024,Jacket,Cotton,405,Measuring,16,47,14,14,,34,20,17,,,,,,,
957,22-03-2024,14-05-2024,Trousers,Linen,209,Cutting,,,,,,,22,,18,23,18,14,17,,
958,23-03-2024,21-05-2024,Suit,Wool,271,Sewing,18,39,15,19,19,26,16,,22,18,,,,,
959,06-01-2024,05-05-2024,Trousers,Wool,309,Awaiting Pickup,,,,,,,16,,20,21,14,24,23,,
960,04-01-2024,15-05-2024,Jacket,Wool,430,Measuring,16,40,21,16,,22,16,22,,,,,,,
961,17-01-2024,27-05-2024,Trousers,Wool,122,Measuring,,,,,,,14,,20,20,22,14,16,,
962,08-04-2024,08-05-2024,Suit,Linen,232,Measuring,14,31,14,20,19,41,23,,23,14,,,,,
963,10-03-2024,13-05-2024,Suit,Cotton,209,Measuring,21,25,17,20,23,27,15,,21,24,,,,,
964,06-02-2024,03-05-2024,Trousers,Linen,314,Awaiting Pickup,,,,,,,21,,15,20,21,16,18,,
965,28-02-2024,09-05-2024,Shirt,Cotton,189,Ready to Ship,14,26,24,23,21,,,,,,,,,,
966,22-01-2024,21-05-2024,Jacket,Silk,205,Awaiting Pickup,24,35,16,16,,28,23,15,,,,,,,
967,18-03-2024,12-05-2024,Suit,Cotton,204,Cutting,22,39,15,20,15,44,14,,22,16,,,,,
968,17-03-2024,04-05-2024,Trousers,Linen,407,Awaiting Pickup,,,,,,,24,,14,17,23,15,20,,
969,31-03-2024,12-05-2024,Shirt,Leather,242,Cutting,20,46,15,17,19,,,,,,,,,,
970,17-02-2024,02-05-2024,Suit,Silk,74,Sewing,21,38,20,24,15,49,19,,15,21,,,,,
971,22-04-2024,22-05-2024,Suit,Leather,241,Measuring,19,23,20,23,15,50,20,,15,20,,,,,
972,19-03-2024,28-05-2024,Dress,Wool,244,Cutting,,,,,,,20,20,24,17,,,22,19,23
973,27-02-2024,16-05-2024,Dress,Linen,100,Sewing,,,,,,,20,21,14,23,,,17,22,16
974,23-02-2024,10-05-2024,Jacket,Leather,78,Awaiting Pickup,17,25,14,18,,24,22,21,,,,,,,
975,27-04-2024,07-05-2024,Jacket,Leather,404,Measuring,18,39,17,22,,47,24,17,,,,,,,
976,04-03-2024,09-05-2024,Shirt,Wool,484,Measuring,22,38,20,22,18,,,,,,,,,,
977,01-04-2024,07-05-2024,Trousers,Linen,108,Awaiting Pickup,,,,,,,22,,23,20,21,17,21,,
978,09-02-2024,28-05-2024,Jacket,Cotton,306,Ready to Ship,21,35,24,18,,24,21,20,,,,,,,
979,28-01-2024,11-05-2024,Suit,Linen,343,Measuring,19,31,19,20,19,50,17,,22,24,,,,,
980,08-01-2024,30-04-2024,Jacket,Silk,450,Measuring,20,31,24,15,,38,14,23,,,,,,,
981,07-02-2024,02-05-2024,Shirt,Silk,389,Sewing,21,44,24,18,23,,,,,,,,,,
982,23-02-2024,05-05-2024,Trousers,Leather,76,Ready to Ship,,,,,,,18,,21,18,21,17,23,,
983,01-02-2024,15-05-2024,Shirt,Leather,232,Ready to Ship,22,39,22,19,24,,,,,,,,,,
984,19-02-2024,20-05-2024,Dress,Cotton,56,Ready to Ship,,,,,,,24,15,24,17,,,23,23,19
985,23-03-2024,04-05-2024,Dress,Linen,207,Sewing,,,,,,,24,22,14,20,,,15,15,23
986,06-03-2024,08-05-2024,Suit,Silk,373,Measuring,18,31,21,22,17,44,15,,18,15,,,,,
987,29-01-2024,23-05-2024,Trousers,Cotton,243,Ready to Ship,,,,,,,21,,18,22,22,14,21,,
988,12-02-2024,10-05-2024,Jacket,Wool,444,Sewing,17,50,19,20,,50,16,23,,,,,,,
989,05-01-2024,24-05-2024,Dress,Silk,473,Sewing,,,,,,,24,20,24,16,,,23,14,15
990,02-02-2024,07-05-2024,Jacket,Linen,470,Ready to Ship,17,43,17,14,,46,20,19,,,,,,,
991,12-04-2024,25-05-2024,Shirt,Leather,139,Measuring,19,33,17,15,20,,,,,,,,,,
992,27-02-2024,19-05-2024,Jacket,Cotton,141,Awaiting Pickup,24,33,20,15,,35,17,24,,,,,,,
993,16-03-2024,27-04-2024,Suit,Leather,160,Awaiting Pickup,16,20,24,24,21,31,18,,17,24,,,,,
994,17-04-2024,28-04-2024,Suit,Silk,340,Ready to Ship,21,33,21,23,18,50,17,,15,16,,,,,
995,14-01-2024,29-04-2024,Dress,Linen,79,Cutting,,,,,,,17,24,23,22,,,16,21,15
996,10-04-2024,30-04-2024,Dress,Cotton,429,Sewing,,,,,,,18,24,18,23,,,24,18,14
997,27-04-2024,01-05-2024,Shirt,Cotton,295,Measuring,23,21,23,24,24,,,,,,,,,,
998,25-01-2024,02-05-2024,Jacket,Silk,66,Cutting,16,43,16,21,,34,14,23,,,,,,,
999,15-02-2024,03-05-2024,Suit,Leather,392,Awaiting Pickup,19,34,14,23,18,23,18,,23,15,,,,,
1000,16-03-2024,04-05-2024,Suit,Silk,357,Ready to Ship,16,37,17,19,14,20,17,,24,20,,,,,
